state,report_for_period_ending,non_exempt_1st_payment,non_exempt_intrastate_matches,non_exempt_interstate_matches,exempt_1st_payment,exempt_intrastate_matches,exempt_interstate_matches,md_fy_num,md_fy_str,reemployment_rate
AK,2019-03-31,3352,2124,307,2841,2190,22,2018,2018-2019,0.725238663484487
AK,2019-06-30,2195,1326,307,1497,1198,22,2018,2018-2019,0.743963553530752
AK,2019-09-30,1608,739,307,904,620,22,2019,2019-2020,0.650497512437811
AK,2019-12-31,3931,1909,307,2455,1372,22,2019,2019-2020,0.563724243195116
AK,2020-03-31,3195,1542,307,2868,1861,22,2019,2019-2020,0.578716744913928
AK,2020-06-30,3876,2440,307,45922,28975,22,2019,2019-2020,0.708720330237358
AK,2020-09-30,638,299,307,7914,3864,22,2020,2020-2021,0.949843260188088
AK,2020-12-31,3046,1333,307,7165,3856,22,2020,2020-2021,0.538411030860145
AK,2021-03-31,2757,1572,307,5541,3619,22,2020,2020-2021,0.681537903518317
AK,2021-06-30,4205,2565,307,2991,2171,22,2020,2020-2021,0.682996432818074
AK,2021-09-30,2471,1170,192,1374,795,51,2021,2021-2022,0.551193848644274
AK,2021-12-31,3465,1819,255,2160,1132,73,2021,2021-2022,0.598556998556999
AK,2022-03-31,1896,1242,125,2017,1573,38,2021,2021-2022,0.720991561181435
AK,2022-06-30,1372,888,77,1249,999,17,2021,2021-2022,0.7033527696793
AK,2022-09-30,1168,522,136,835,512,16,2022,2022-2023,0.563356164383562
AK,2022-12-31,2391,1224,200,1973,1139,56,2022,2022-2023,0.595566708490171
AK,2023-03-31,1823,1206,101,1819,1465,22,2022,2022-2023,0.716950082281953
AK,2023-06-30,1235,791,84,1090,860,9,2022,2022-2023,0.708502024291498
AK,2023-09-30,1030,434,109,742,480,21,2023,2023-2024,0.527184466019418
AK,2023-12-31,2656,1263,265,1807,1043,53,2023,2023-2024,0.575301204819277
AK,2024-03-31,1688,1045,120,1639,1250,16,2023,2023-2024,0.690165876777251
AK,2024-06-30,1214,761,72,1124,866,12,2023,2023-2024,0.686161449752883
AL,2019-03-31,10167,5754,552,4312,3991,73,2018,2018-2019,0.620241959280024
AL,2019-06-30,9289,5206,264,2160,1854,52,2018,2018-2019,0.588868554203897
AR,2019-03-31,9215,5741,889,872,826,26,2018,2018-2019,0.7194791101465
AR,2019-06-30,7928,5045,410,993,943,8,2018,2018-2019,0.688067608476287
AR,2019-09-30,4626,2799,132,3810,2709,293,2019,2019-2020,0.633592736705577
AR,2019-12-31,8814,5630,290,790,704,50,2019,2019-2020,0.67165872475607
AR,2020-03-31,7520,5560,200,650,600,30,2019,2019-2020,0.765957446808511
AR,2020-06-30,121122,89246,2864,4642,4303,45,2019,2019-2020,0.760472911609782
AR,2020-09-30,30995,23051,300,1165,1102,15,2020,2020-2021,0.753379577351186
AZ,2019-03-31,11773,6733,875,621,262,60,2018,2018-2019,0.646224411789688
AZ,2019-06-30,16871,9158,1026,613,241,42,2018,2018-2019,0.603639381186652
AZ,2019-09-30,16088,10971,810,871,480,58,2019,2019-2020,0.732284932869219
AZ,2020-03-31,10620,4512,472,702,299,54,2019,2019-2020,0.469303201506591
AZ,2020-09-30,69498,40556,3381,9203,6886,434,2020,2020-2021,0.632205243316354
AZ,2020-12-31,24937,11759,1249,12283,10237,565,2020,2020-2021,0.521634518987849
AZ,2021-06-30,26890,14432,1754,2566,1394,177,2020,2020-2021,0.601933804388248
AZ,2021-12-31,7735,4518,601,542,261,44,2021,2021-2022,0.661797026502909
AZ,2022-03-31,8054,4779,621,590,290,52,2021,2021-2022,0.670474298485225
AZ,2022-06-30,14028,7911,923,557,230,38,2021,2021-2022,0.629740518962076
CA,2019-03-31,209755,127310,3585,70137,49272,857,2018,2018-2019,0.624037567638435
CA,2019-06-30,167956,99110,3241,29760,20129,731,2018,2018-2019,0.609391745457144
CO,2019-03-31,14448,4934,807,6062,3873,236,2018,2018-2019,0.397356035437431
CO,2019-06-30,11851,6103,541,2701,2414,107,2018,2018-2019,0.560627795122775
CO,2019-09-30,9854,4907,556,2801,1938,193,2019,2019-2020,0.554394154658007
CO,2019-12-31,11262,5241,591,5024,3306,257,2019,2019-2020,0.517847629195525
CO,2020-03-31,17468,7949,519,19538,13985,341,2019,2019-2020,0.484772154797344
CO,2020-06-30,107562,49244,2709,235212,173893,5026,2019,2019-2020,0.483005150517841
CO,2020-09-30,29552,8435,956,35460,18989,1558,2020,2020-2021,0.317778830536004
CT,2019-03-31,29125,19712,913,5060,4396,189,2018,2018-2019,0.708154506437768
CT,2019-06-30,17581,9791,777,2033,1535,177,2018,2018-2019,0.601103463966782
CT,2019-09-30,20858,13196,797,2123,1641,157,2019,2019-2020,0.670869690286701
CT,2019-12-31,22026,10748,806,2455,1621,135,2019,2019-2020,0.524561881412876
CT,2020-03-31,50718,27599,786,3615,2724,178,2019,2019-2020,0.559663235932016
CT,2020-06-30,278402,179471,56629,11402,9361,415,2019,2019-2020,0.848054252483818
CT,2020-09-30,55675,30873,2152,4265,3367,238,2020,2020-2021,0.593174674449933
CT,2020-12-31,25817,10822,692,2665,1994,104,2020,2020-2021,0.44598520354805
CT,2021-03-31,35988,20255,899,4294,3593,154,2020,2020-2021,0.587807046793376
CT,2021-06-30,35676,20575,1053,2977,2459,132,2020,2020-2021,0.606233882722278
CT,2021-09-30,20453,12716,781,2531,2100,96,2021,2021-2022,0.65990319268567
CT,2021-12-31,16613,9396,0,1653,1201,0,2021,2021-2022,0.565581171371817
CT,2022-03-31,20199,14364,0,6430,5796,0,2021,2021-2022,0.711124313084806
CT,2022-06-30,58258,27450,0,985,807,0,2021,2021-2022,0.471179923787291
CT,2022-09-30,16218,11828,0,1521,1322,0,2022,2022-2023,0.729313108891355
CT,2022-12-31,14817,8166,0,680,500,0,2022,2022-2023,0.551123709252885
CT,2023-03-31,26683,19250,0,3101,2774,0,2022,2022-2023,0.721433122212645
CT,2023-06-30,16919,10158,0,966,764,0,2022,2022-2023,0.600390093977186
CT,2023-09-30,19603,13104,0,2018,1804,0,2023,2023-2024,0.668469111870632
CT,2023-12-31,16751,8415,0,710,519,0,2023,2023-2024,0.502358068175034
CT,2024-03-31,25542,17779,0,3296,3009,0,2023,2023-2024,0.696069219325033
CT,2024-06-30,17281,9928,0,745,616,0,2023,2023-2024,0.574503790289914
DC,2019-03-31,8542,3417,3382,181,129,34,2018,2018-2019,0.795949426363849
DC,2019-06-30,4047,1591,841,146,104,16,2018,2018-2019,0.60093896713615
DC,2019-09-30,4787,2178,903,235,178,23,2019,2019-2020,0.643618132442031
DC,2019-12-31,4378,1696,814,99,58,12,2019,2019-2020,0.573321151210599
DC,2020-03-31,4588,1235,653,48,26,9,2019,2019-2020,0.411508282476024
DC,2020-06-30,62887,28780,4980,1009,800,100,2019,2019-2020,0.536835912032694
DC,2020-09-30,13475,5459,1893,213,171,19,2020,2020-2021,0.545602968460111
DC,2020-12-31,7763,2682,1157,98,65,10,2020,2020-2021,0.494525312379235
DC,2021-03-31,8516,2846,1612,230,123,29,2020,2020-2021,0.523485204321278
DC,2021-06-30,9821,4943,1336,354,288,16,2020,2020-2021,0.639344262295082
DC,2021-09-30,5920,3471,783,184,144,18,2021,2021-2022,0.718581081081081
DC,2021-12-31,6208,4045,770,48,25,9,2021,2021-2022,0.775612113402062
DC,2022-03-31,3046,1691,542,47,27,10,2021,2021-2022,0.733092580433355
DC,2022-06-30,2122,1001,453,34,25,5,2021,2021-2022,0.685202639019793
DC,2022-09-30,2667,1306,484,49,35,7,2022,2022-2023,0.671166104236971
DC,2022-12-31,1854,818,331,26,17,2,2022,2022-2023,0.619741100323625
DC,2023-03-31,3273,1420,670,50,26,13,2022,2022-2023,0.638557897952948
DC,2023-06-30,3388,1211,752,53,28,14,2022,2022-2023,0.57939787485242
DC,2023-09-30,4217,1814,185,85,58,3,2023,2023-2024,0.474033673227413
DE,2019-03-31,2553,1479,214,1824,1523,71,2018,2018-2019,0.663141402271837
DE,2019-06-30,1799,901,188,818,641,31,2018,2018-2019,0.605336297943302
DE,2019-09-30,2117,1179,246,1089,932,28,2019,2019-2020,0.67312234293812
DE,2019-12-31,1800,918,173,1314,756,46,2019,2019-2020,0.606111111111111
DE,2020-03-31,2395,1115,135,1940,1323,70,2019,2019-2020,0.521920668058455
DE,2020-06-30,2922,1430,160,432,276,28,2019,2019-2020,0.544147843942505
DE,2020-09-30,1660,695,165,381,256,14,2020,2020-2021,0.518072289156627
DE,2020-12-31,1269,373,126,424,156,16,2020,2020-2021,0.393223010244287
DE,2021-03-31,1586,712,129,779,594,13,2020,2020-2021,0.530264817150063
DE,2021-06-30,2747,808,276,253,98,18,2020,2020-2021,0.394612304331999
DE,2021-09-30,786,463,73,454,356,15,2021,2021-2022,0.681933842239186
DE,2021-12-31,828,413,123,515,286,28,2021,2021-2022,0.647342995169082
DE,2022-03-31,1258,760,131,765,589,49,2021,2021-2022,0.708267090620032
DE,2022-06-30,928,521,109,399,318,19,2021,2021-2022,0.678879310344828
DE,2022-09-30,1181,625,113,661,576,12,2022,2022-2023,0.624894157493649
DE,2022-12-31,1333,659,134,625,345,23,2022,2022-2023,0.59489872468117
DE,2023-03-31,1708,825,164,915,714,38,2022,2022-2023,0.57903981264637
DE,2023-06-30,1564,687,172,579,455,27,2022,2022-2023,0.54923273657289
DE,2023-09-30,1914,944,188,769,646,30,2023,2023-2024,0.591431556948798
DE,2023-12-31,1950,826,186,728,392,36,2023,2023-2024,0.518974358974359
DE,2024-03-31,2054,704,221,977,615,40,2023,2023-2024,0.450340798442064
DE,2024-06-30,1759,726,185,570,444,19,2023,2023-2024,0.517907902217169
GA,2019-03-31,23057,10272,3777,16392,13947,1140,2018,2018-2019,0.609316042850328
HI,2019-03-31,2370,1153,248,3496,2809,154,2018,2018-2019,0.591139240506329
HI,2019-06-30,2212,989,172,3064,2517,47,2018,2018-2019,0.524864376130199
HI,2019-09-30,2545,1256,226,2518,2115,30,2019,2019-2020,0.582318271119843
HI,2019-12-31,2132,970,175,2185,1742,25,2019,2019-2020,0.537054409005629
HI,2020-03-31,2615,924,134,4597,3150,46,2019,2019-2020,0.404588910133843
HI,2020-06-30,2615,924,0,4597,3150,0,2019,2019-2020,0.353346080305927
HI,2020-09-30,19028,9225,877,12231,9085,246,2020,2020-2021,0.53090182888375
HI,2020-12-31,6570,3221,293,4371,3255,82,2020,2020-2021,0.534855403348554
HI,2021-03-31,3363,1431,189,2834,2177,42,2020,2020-2021,0.48171275646744
HI,2021-06-30,6269,3583,239,6581,5524,66,2020,2020-2021,0.609666613494975
HI,2021-09-30,3810,2086,162,4141,3385,37,2021,2021-2022,0.59002624671916
HI,2021-12-31,2908,1553,148,3866,3088,47,2021,2021-2022,0.584938101788171
HI,2022-03-31,2262,1140,201,3414,2858,47,2021,2021-2022,0.592838196286472
HI,2022-06-30,2271,1205,0,3099,2598,0,2021,2021-2022,0.530603258476442
HI,2022-09-30,2157,1164,167,2689,2185,51,2022,2022-2023,0.617060732498841
HI,2022-12-31,1732,839,153,2473,2005,41,2022,2022-2023,0.572748267898383
HI,2024-03-31,1915,898,114,2508,2087,33,2023,2023-2024,0.52845953002611
IA,2019-03-31,8964,5578,630,22864,21042,457,2018,2018-2019,0.692547969656403
IA,2019-06-30,6924,3901,437,5726,5057,137,2018,2018-2019,0.626516464471404
IA,2019-09-30,5834,3257,422,7986,6952,180,2019,2019-2020,0.630613644154954
IA,2019-12-31,5914,2964,404,14604,10072,394,2019,2019-2020,0.569496110923233
IA,2020-03-31,9402,4252,390,33256,29046,520,2019,2019-2020,0.493724739417145
IA,2020-06-30,22710,13333,956,196038,146290,3185,2019,2019-2020,0.629194187582563
IA,2020-09-30,10050,5988,559,26423,22543,568,2020,2020-2021,0.651442786069652
IA,2020-12-31,8566,3991,277,15522,12046,188,2020,2020-2021,0.498248890964277
IA,2021-03-31,9179,5175,623,24805,22320,542,2020,2020-2021,0.631659222137488
IA,2021-06-30,6905,4037,472,11588,9716,322,2020,2020-2021,0.653005068790731
IA,2021-09-30,5637,3429,425,4971,4421,131,2021,2021-2022,0.683697001951393
IA,2021-12-31,5158,3125,348,7781,4983,219,2021,2021-2022,0.673322993408298
IA,2022-03-31,6320,4385,433,17734,16377,367,2021,2021-2022,0.762341772151899
IA,2022-06-30,4037,2641,273,3711,3273,97,2021,2021-2022,0.721823135992073
IA,2022-09-30,4144,2710,319,3299,2989,94,2022,2022-2023,0.730936293436293
IA,2022-12-31,5507,3440,366,6703,4801,171,2022,2022-2023,0.691120392228073
IA,2023-03-31,6456,4314,486,17454,16294,373,2022,2022-2023,0.743494423791822
IA,2023-06-30,5352,3358,386,4042,3778,67,2022,2022-2023,0.699551569506727
IA,2023-09-30,5470,3404,376,4832,4494,72,2023,2023-2024,0.691042047531993
IA,2023-12-31,5988,3665,357,5650,4486,94,2023,2023-2024,0.671676686706747
IA,2024-03-31,8049,5559,444,17680,16648,266,2023,2023-2024,0.745806932538204
IA,2024-06-30,6276,4070,347,5261,4979,75,2023,2023-2024,0.703792224346718
ID,2019-03-31,3372,2412,43,5962,5688,15,2018,2018-2019,0.728054567022539
ID,2019-06-30,1879,1309,23,1921,1834,7,2018,2018-2019,0.708887706226716
ID,2019-09-30,1343,946,33,1291,1218,4,2019,2019-2020,0.728965003723008
ID,2019-12-31,2029,1476,38,4245,3820,6,2019,2019-2020,0.746180384425826
ID,2020-03-31,2452,1689,36,23976,22005,54,2019,2019-2020,0.703507340946166
ID,2020-06-30,4390,3274,39,39639,34708,68,2019,2019-2020,0.754669703872437
ID,2020-09-30,2077,1445,0,4335,3654,2,2020,2020-2021,0.695714973519499
ID,2020-12-31,2022,1398,27,6855,5775,22,2020,2020-2021,0.704747774480712
ID,2021-03-31,1804,1300,24,6366,5743,23,2020,2020-2021,0.733924611973392
ID,2021-06-30,1408,1052,21,3530,3222,16,2020,2020-2021,0.762073863636364
ID,2021-09-30,2452,1689,36,23976,22005,54,2021,2021-2022,0.703507340946166
ID,2021-12-31,1339,949,26,3610,3018,34,2021,2021-2022,0.728155339805825
ID,2022-03-31,1450,1080,23,6459,6019,23,2021,2021-2022,0.760689655172414
ID,2022-06-30,1310,952,33,1913,1798,11,2021,2021-2022,0.751908396946565
ID,2022-09-30,1672,1209,35,1545,1432,10,2022,2022-2023,0.744019138755981
ID,2022-12-31,2590,1719,63,4311,3772,34,2022,2022-2023,0.688030888030888
ID,2023-03-31,3033,2081,66,6908,6469,23,2022,2022-2023,0.707879986811738
ID,2023-06-30,2851,1903,53,2310,2178,8,2022,2022-2023,0.686075061381971
ID,2023-09-30,2618,1817,30,1575,1479,5,2023,2023-2024,0.70550038197097
ID,2023-12-31,3256,2167,68,4198,3717,16,2023,2023-2024,0.686425061425061
ID,2024-03-31,3350,2350,52,6831,6409,18,2023,2023-2024,0.717014925373134
ID,2024-06-30,2922,2021,0,1912,1779,0,2023,2023-2024,0.691649555099247
IL,2019-03-31,47015,25388,1033,45172,37944,734,2018,2018-2019,0.561969584175263
IL,2019-06-30,38495,25984,978,13107,4260,351,2018,2018-2019,0.700402649694766
IL,2019-09-30,39057,21893,996,13723,10303,387,2019,2019-2020,0.58604091456077
IL,2019-12-31,42349,21047,950,28233,15387,627,2019,2019-2020,0.519421946208883
IL,2020-03-31,59474,34495,868,60688,35199,705,2019,2019-2020,0.594595957897569
IN,2019-03-31,14330,9399,635,8844,7967,454,2018,2018-2019,0.700209351011863
IN,2019-06-30,9963,5562,333,2013,1649,120,2018,2018-2019,0.591689250225836
IN,2019-09-30,9688,5467,260,2516,2087,139,2019,2019-2020,0.591143682906689
IN,2019-12-31,11683,6086,353,5089,3545,278,2019,2019-2020,0.55114268595395
IN,2020-03-31,107352,77571,2927,47066,40176,2544,2019,2019-2020,0.749850957597437
IN,2020-06-30,279134,205337,8933,79812,70799,3993,2019,2019-2020,0.767624151841051
IN,2020-09-30,46692,28925,1091,8001,6999,329,2020,2020-2021,0.642851023729975
IN,2020-12-31,36263,25032,587,5825,4203,164,2020,2020-2021,0.706477676971017
IN,2021-03-31,26423,15515,627,8933,7762,343,2020,2020-2021,0.610907164212996
IN,2021-06-30,32579,22150,723,11434,10625,276,2020,2020-2021,0.702078025722091
IN,2021-09-30,13489,9189,345,6528,5919,374,2021,2021-2022,0.706798131811105
IN,2021-12-31,7771,4658,235,2548,1797,114,2021,2021-2022,0.629648693861794
IN,2022-03-31,10146,7217,354,6076,5412,299,2021,2021-2022,0.746205401143308
IN,2022-06-30,8111,5118,307,2472,2203,119,2021,2021-2022,0.668844778695599
IN,2022-09-30,9773,6215,373,4647,4008,413,2022,2022-2023,0.674102118080426
IN,2022-12-31,12546,7568,440,7906,6448,589,2022,2022-2023,0.638291088793241
IN,2023-03-31,13628,8881,574,8038,7020,584,2022,2022-2023,0.693792192544761
IN,2023-06-30,11114,6508,396,4046,3486,274,2022,2022-2023,0.621198488393018
IN,2023-09-30,12959,7580,421,3502,2892,243,2023,2023-2024,0.617408750675206
IN,2023-12-31,13225,7694,394,5939,4828,321,2023,2023-2024,0.611568998109641
IN,2024-03-31,14074,8681,462,7073,6251,438,2023,2023-2024,0.649637629671735
IN,2024-06-30,11460,6553,417,3501,3091,203,2023,2023-2024,0.608202443280977
KS,2019-03-31,8639,5865,288,2959,2252,95,2018,2018-2019,0.712235212408844
KS,2019-06-30,5134,2993,184,1155,901,62,2018,2018-2019,0.618815738215816
KS,2019-09-30,4694,2625,204,1809,1434,81,2019,2019-2020,0.602684277801449
KS,2019-12-31,5176,2606,211,2509,1850,103,2019,2019-2020,0.544242658423493
KS,2020-03-31,6784,3972,163,20099,15995,195,2019,2019-2020,0.609522405660377
KS,2020-06-30,11938,7925,168,118162,88794,1619,2019,2019-2020,0.67791924945552
KS,2020-09-30,14188,6426,1750,30480,20243,856,2020,2020-2021,0.576261629546095
KS,2020-12-31,7023,3447,389,103169,92151,938,2020,2020-2021,0.546205325359533
KS,2021-03-31,6494,3568,0,60813,52942,0,2020,2020-2021,0.549430243301509
KS,2021-06-30,2745,1428,116,3981,2513,124,2020,2020-2021,0.56247723132969
KS,2021-09-30,4228,2268,139,2418,1968,62,2021,2021-2022,0.569299905392621
KS,2021-12-31,7446,2792,0,2302,1043,0,2021,2021-2022,0.374966424926135
KS,2022-03-31,7447,5338,302,2302,1760,96,2021,2021-2022,0.757351953806902
KS,2022-06-30,3593,2170,151,647,477,30,2021,2021-2022,0.645978291121625
KS,2022-09-30,4075,2584,166,498,327,27,2022,2022-2023,0.674846625766871
KS,2022-12-31,4260,2506,145,644,427,30,2022,2022-2023,0.622300469483568
KS,2023-03-31,5723,3644,198,1840,1549,43,2022,2022-2023,0.671326227503058
KS,2023-06-30,4488,2653,198,527,412,43,2022,2022-2023,0.635249554367201
KS,2023-09-30,4648,2665,144,589,432,21,2023,2023-2024,0.60434595524957
KS,2023-12-31,4783,2645,0,1252,1020,0,2023,2023-2024,0.553000209073803
KS,2024-03-31,6513,4214,2298,2235,1882,352,2023,2023-2024,0.999846460924305
LA,2019-03-31,8237,4430,253,784,641,20,2018,2018-2019,0.56853223260896
LA,2019-06-30,8391,4748,120,1377,1249,10,2018,2018-2019,0.580145393874389
LA,2019-09-30,9340,5218,236,960,821,19,2019,2019-2020,0.583940042826552
LA,2019-12-31,7906,3973,345,469,351,14,2019,2019-2020,0.546167467746016
LA,2020-03-31,10612,4385,282,41900,28485,186,2019,2019-2020,0.439785148888051
LA,2020-06-30,17461,8847,215,306468,187246,2554,2019,2019-2020,0.518985166943474
LA,2020-09-30,12521,6641,0,49079,28722,0,2020,2020-2021,0.530388946569763
MA,2019-03-31,47675,29467,7330,9230,6331,1973,2018,2018-2019,0.771830099632931
MA,2019-06-30,27676,12293,6034,3320,2007,800,2018,2018-2019,0.662198294551236
MA,2019-09-30,31354,16090,6544,3726,2242,968,2019,2019-2020,0.721885564840212
MA,2019-12-31,34753,14896,5132,5503,2973,907,2019,2019-2020,0.576295571605329
MA,2020-03-31,75446,39846,8317,13994,8799,2189,2019,2019-2020,0.638377117408478
MA,2020-06-30,317157,174798,53065,14181,8899,2669,2019,2019-2020,0.718454897732038
MA,2020-09-30,80996,44800,13549,3577,2003,846,2020,2020-2021,0.720393599683935
MA,2020-12-31,37090,19389,5886,2297,1165,341,2020,2020-2021,0.68145052574818
MA,2021-03-31,42365,24692,5688,6052,3924,1228,2020,2020-2021,0.717101380856839
MA,2021-06-30,30210,15900,5357,4104,2567,876,2020,2020-2021,0.703641178417743
MA,2021-09-30,32136,17494,6069,3769,2144,953,2021,2021-2022,0.733227532984815
MA,2021-12-31,29046,13696,5007,4407,2308,820,2021,2021-2022,0.643909660538456
MA,2022-03-31,40462,25903,6530,8107,5358,1812,2021,2021-2022,0.801566902278681
MA,2022-06-30,26352,12960,6048,3960,2250,1043,2021,2021-2022,0.721311475409836
MA,2022-09-30,28370,14635,6211,3756,2026,1097,2022,2022-2023,0.734790271413465
MA,2022-12-31,29148,11957,4826,4661,2370,861,2022,2022-2023,0.575785645670372
MA,2023-03-31,46458,27123,7660,8123,5310,1912,2022,2022-2023,0.748697748504025
MA,2023-06-30,31695,13269,7135,3528,1953,881,2022,2022-2023,0.643760845559237
MA,2023-09-30,32926,15178,6814,3962,2060,1065,2023,2023-2024,0.667922006924619
MD,2019-03-31,19963,11593,1765,7105,5353,944,2018,2018-2019,0.66913790512448
MD,2019-06-30,14159,7019,1384,2189,2064,32,2018,2018-2019,0.59347411540363
MD,2019-09-30,14398,7592,1399,3585,3142,87,2019,2019-2020,0.624461730795944
MD,2019-12-31,152870,7236,1289,3534,2759,100,2019,2019-2020,0.055766337410872
MD,2020-03-31,23314,11334,1124,16479,11713,218,2019,2019-2020,0.5343570386892
MD,2020-06-30,126473,80077,1772,95823,70368,978,2019,2019-2020,0.647165798233615
MD,2020-09-30,29959,16051,232,6265,4423,32,2020,2020-2021,0.543509462932675
MD,2020-12-31,28762,15229,1,1530,1055,0,2020,2020-2021,0.52951811417843
MD,2021-03-31,38875,22321,1229,1964,1416,46,2020,2020-2021,0.605787781350482
MD,2021-06-30,29210,19316,5,974,891,0,2020,2020-2021,0.661451557685724
MD,2021-09-30,18623,11140,10,1006,917,0,2021,2021-2022,0.598722010417226
MD,2021-12-31,18614,9639,1410,1022,891,35,2021,2021-2022,0.593585473299667
MD,2022-03-31,38180,21555,1218,2659,2099,54,2021,2021-2022,0.596464117338921
MD,2022-06-30,9862,5455,916,990,900,33,2021,2021-2022,0.646015007097952
MD,2022-09-30,9954,5432,781,1808,1582,47,2022,2022-2023,0.624171187462327
MD,2022-12-31,15135,7660,1260,852,695,37,2022,2022-2023,0.589362405021474
MD,2023-03-31,14875,8503,1464,2362,2182,76,2022,2022-2023,0.670050420168067
MD,2023-06-30,10711,5727,784,632,560,21,2022,2022-2023,0.607879749789936
MD,2023-09-30,12450,7200,569,977,901,27,2023,2023-2024,0.624016064257028
MD,2023-12-31,12713,6286,938,735,575,21,2023,2023-2024,0.568237237473452
MD,2024-03-31,13685,7666,968,2610,2382,62,2023,2023-2024,0.630909755206431
MD,2024-06-30,13931,7605,975,758,668,40,2023,2023-2024,0.615892613595578
ME,2019-03-31,7004,5442,271,369,368,0,2018,2018-2019,0.815676756139349
ME,2019-06-30,3427,2459,101,162,162,0,2018,2018-2019,0.747009045812664
ME,2019-09-30,2482,1708,109,170,170,0,2019,2019-2020,0.732070910556003
ME,2019-12-31,4449,1877,192,325,323,0,2019,2019-2020,0.465048325466397
ME,2020-03-31,6883,4680,243,16752,11480,0,2019,2019-2020,0.715240447479297
ME,2020-06-30,0,0,0,85570,65411,1128,2019,2019-2020,
ME,2020-09-30,3967,2690,118,10078,6836,299,2020,2020-2021,0.707839677338039
ME,2020-12-31,7076,3245,0,9,4,0,2020,2020-2021,0.458592425098926
ME,2021-03-31,11256,7927,291,15,11,0,2020,2020-2021,0.730099502487562
ME,2021-06-30,7512,5294,187,6,3,0,2020,2020-2021,0.729632587859425
ME,2021-09-30,4773,3339,151,3,1,1,2021,2021-2022,0.731196312591661
ME,2021-12-31,3810,1789,177,6,2,0,2021,2021-2022,0.516010498687664
ME,2022-03-31,6048,4811,208,11,10,0,2021,2021-2022,0.829861111111111
ME,2022-06-30,3265,2382,135,1,1,0,2021,2021-2022,0.770903522205207
ME,2022-09-30,2368,1614,97,6,4,0,2022,2022-2023,0.722550675675676
ME,2022-12-31,3894,1753,209,3,3,0,2022,2022-2023,0.503852080123267
ME,2023-03-31,6895,5154,267,8,6,1,2022,2022-2023,0.786221899927484
ME,2023-06-30,4071,2804,145,8,4,0,2022,2022-2023,0.724392041267502
ME,2023-09-30,2792,1791,122,4,3,0,2023,2023-2024,0.685171919770774
ME,2023-12-31,4527,2107,212,9,8,0,2023,2023-2024,0.512259774685222
MI,2019-03-31,45253,34993,194,35086,33335,53,2018,2018-2019,0.777561708616003
MI,2019-06-30,25057,16162,184,9346,8695,25,2018,2018-2019,0.652352635989943
MI,2019-09-30,37111,28347,107,4949,4876,2,2019,2019-2020,0.766726846487564
MI,2019-12-31,52265,29649,99,5284,5140,1,2019,2019-2020,0.569176313020186
MI,2020-03-31,58894,41655,0,64106,49070,0,2019,2019-2020,0.707287669372092
MI,2020-06-30,663,483,5,943306,780892,1844,2019,2019-2020,0.73604826546003
MI,2020-09-30,1845,1443,1,118758,81301,287,2020,2020-2021,0.782655826558266
MI,2020-12-31,107,68,1,65215,37893,256,2020,2020-2021,0.644859813084112
MI,2021-03-31,161,95,0,67668,51338,198,2020,2020-2021,0.590062111801242
MI,2021-06-30,17418,13264,67,62074,53299,155,2020,2020-2021,0.76535767596739
MN,2019-03-31,14156,9252,784,24605,21797,896,2018,2018-2019,0.708957332579825
MN,2019-06-30,11184,6762,668,5716,4559,344,2018,2018-2019,0.66434191702432
MN,2019-09-30,8952,5038,641,5407,4436,290,2019,2019-2020,0.634383378016086
MN,2019-12-31,9291,4505,823,26592,12234,3502,2019,2019-2020,0.573458185340652
MN,2020-03-31,10421,4169,937,27233,22351,1640,2019,2019-2020,0.489972171576624
MN,2020-06-30,532,170,38,4428,3146,295,2019,2019-2020,0.390977443609023
MN,2020-09-30,74,27,8,983,670,96,2020,2020-2021,0.472972972972973
MN,2020-12-31,44,26,2,899,593,86,2020,2020-2021,0.636363636363636
MN,2021-03-31,16136,10273,804,17720,14066,975,2020,2020-2021,0.686477441745166
MN,2021-06-30,35938,23192,1625,9432,7250,478,2020,2020-2021,0.690550392342367
MN,2021-09-30,27852,17777,1355,5371,3742,542,2021,2021-2022,0.686916558954474
MN,2021-12-31,13038,8170,862,23187,9310,3774,2021,2021-2022,0.692744285933426
MO,2019-03-31,14792,9703,626,10958,9973,82,2018,2018-2019,0.69828285559762
MO,2019-06-30,11173,6856,599,2470,2155,33,2018,2018-2019,0.667233509352904
MO,2019-09-30,13532,9135,539,2463,2032,49,2019,2019-2020,0.714898019509311
MO,2019-12-31,12472,7406,636,2904,2383,57,2019,2019-2020,0.644804361770366
MO,2020-03-31,29171,18759,1551,10741,8714,222,2019,2019-2020,0.696239415858215
MO,2020-06-30,25633,16937,1402,231749,176048,7559,2019,2019-2020,0.715444934264425
MO,2020-09-30,24365,13900,1171,21315,14291,569,2020,2020-2021,0.61855120049251
MO,2020-12-31,16874,8063,984,3183,2500,60,2020,2020-2021,0.536150290387579
MO,2021-03-31,20240,11581,890,10828,9748,119,2020,2020-2021,0.616156126482213
MO,2021-06-30,35714,25256,1148,6765,5890,93,2020,2020-2021,0.739317914543316
MO,2021-09-30,13089,8806,413,2855,2489,41,2021,2021-2022,0.704331881732753
MO,2021-12-31,8633,5062,410,1501,1210,19,2021,2021-2022,0.633846866674389
MO,2022-03-31,12327,8981,377,5264,4916,20,2021,2021-2022,0.759146588788838
MO,2022-06-30,9557,6636,345,1593,1441,15,2021,2021-2022,0.730459349168149
MO,2022-09-30,11232,7652,407,2189,2048,10,2022,2022-2023,0.717503561253561
MO,2022-12-31,9730,5796,429,1418,1220,14,2022,2022-2023,0.639773895169579
MO,2023-03-31,13231,9115,455,5847,5513,17,2022,2022-2023,0.723301337767365
MO,2023-06-30,9994,6061,455,2051,1783,38,2022,2022-2023,0.65199119471683
MO,2023-09-30,12840,8774,430,3513,3127,33,2023,2023-2024,0.716822429906542
MO,2023-12-31,11338,6622,472,2236,1762,50,2023,2023-2024,0.625683542070912
MO,2024-03-31,14140,8952,568,7956,7184,53,2023,2023-2024,0.673267326732673
MO,2024-06-30,10814,6376,517,1863,1559,28,2023,2023-2024,0.637414462733494
MS,2019-03-31,5184,3199,404,64,49,11,2018,2018-2019,0.695023148148148
MS,2019-12-31,4363,2357,213,24,19,2,2019,2019-2020,0.589044235617694
MS,2020-03-31,17029,12385,226,51,36,1,2019,2019-2020,0.740560220799812
MS,2020-06-30,184522,137580,3394,779,589,15,2019,2019-2020,0.763995621118349
MS,2020-09-30,37987,24537,1791,117,80,11,2020,2020-2021,0.693079211309132
MS,2020-12-31,9093,4626,370,58,42,3,2020,2020-2021,0.549433630265039
MS,2021-03-31,12669,8239,398,56,39,2,2020,2020-2021,0.681742836845844
MS,2021-06-30,17800,12193,748,100,75,6,2020,2020-2021,0.727022471910112
MS,2021-09-30,6413,4690,274,56,41,5,2021,2021-2022,0.774052705442071
MS,2021-12-31,2988,1849,147,17,13,2,2021,2021-2022,0.668005354752343
MS,2022-03-31,3142,2068,170,14,11,1,2021,2021-2022,0.712285168682368
MS,2022-06-30,4579,3211,235,32,19,4,2021,2021-2022,0.752566062459052
MS,2022-09-30,5215,3849,221,52,38,2,2022,2022-2023,0.780441035474593
MS,2022-12-31,4000,2396,203,31,23,3,2022,2022-2023,0.64975
MS,2023-03-31,4037,2577,224,19,18,1,2022,2022-2023,0.693832053505078
MS,2023-06-30,5224,3471,257,23,16,2,2022,2022-2023,0.713629402756508
MS,2023-09-30,5004,3386,197,26,21,0,2023,2023-2024,0.716027178257394
MS,2024-03-31,4317,2650,211,11,9,0,2023,2023-2024,0.662728746814918
MS,2024-06-30,4981,3281,187,17,13,0,2023,2023-2024,0.696245733788396
ND,2019-03-31,1063,604,159,4887,4374,249,2018,2018-2019,0.717779868297272
ND,2019-06-30,894,468,126,1237,991,92,2018,2018-2019,0.664429530201342
ND,2019-09-30,935,475,131,1293,1075,90,2019,2019-2020,0.648128342245989
ND,2019-12-31,1082,447,192,3505,1881,288,2019,2019-2020,0.590573012939002
ND,2020-03-31,1077,334,162,7868,6046,454,2019,2019-2020,0.460538532961931
ND,2020-06-30,0,0,0,53178,37400,2548,2019,2019-2020,
ND,2020-09-30,1355,609,118,4700,3080,279,2020,2020-2021,0.536531365313653
ND,2020-12-31,2172,1112,173,4919,2975,219,2020,2020-2021,0.591620626151013
ND,2021-03-31,1892,855,182,5514,4618,300,2020,2020-2021,0.548097251585624
ND,2021-06-30,1524,813,172,2082,1718,127,2020,2020-2021,0.646325459317585
ND,2021-09-30,823,468,93,1088,946,47,2021,2021-2022,0.681652490886999
ND,2021-12-31,582,310,68,2416,1401,133,2021,2021-2022,0.649484536082474
ND,2022-03-31,613,340,70,4495,4012,234,2021,2021-2022,0.66884176182708
ND,2022-06-30,501,271,71,928,777,68,2021,2021-2022,0.682634730538922
ND,2022-09-30,445,274,48,732,613,53,2022,2022-2023,0.723595505617977
ND,2022-12-31,600,325,60,2328,1315,142,2022,2022-2023,0.641666666666667
ND,2023-03-31,773,425,103,3834,3443,162,2022,2022-2023,0.683053040103493
ND,2023-06-30,678,376,78,876,725,52,2022,2022-2023,0.669616519174041
ND,2023-09-30,699,382,73,739,610,46,2023,2023-2024,0.650929899856939
ND,2023-12-31,775,404,66,2237,1257,136,2023,2023-2024,0.606451612903226
ND,2024-03-31,857,453,90,4189,3757,165,2023,2023-2024,0.633605600933489
ND,2024-06-30,825,450,82,1249,822,85,2023,2023-2024,0.644848484848485
NH,2019-03-31,3259,2223,325,572,370,155,2018,2018-2019,0.781834918686714
NH,2019-06-30,1941,1140,261,429,323,55,2018,2018-2019,0.721792890262751
NH,2019-09-30,1226,770,150,1247,862,83,2019,2019-2020,0.750407830342578
NH,2019-12-31,1029,560,157,1450,725,140,2019,2019-2020,0.696793002915452
NH,2020-03-31,1378,951,129,19911,12918,367,2019,2019-2020,0.783744557329463
NH,2020-06-30,3184,2068,82,225462,142590,7186,2019,2019-2020,0.675251256281407
NH,2020-09-30,297,108,23,10653,6556,881,2020,2020-2021,0.441077441077441
NH,2020-12-31,4290,2150,310,134,87,5,2020,2020-2021,0.573426573426573
NH,2021-03-31,7287,4812,452,451,398,18,2020,2020-2021,0.7223823246878
NH,2021-06-30,6132,4212,426,481,413,20,2020,2020-2021,0.756360078277887
NH,2021-09-30,2338,1593,257,437,398,19,2021,2021-2022,0.791274593669803
NH,2021-12-31,1884,1071,214,126,91,11,2021,2021-2022,0.682059447983015
NH,2022-03-31,2270,1671,198,417,364,28,2021,2021-2022,0.823348017621145
NH,2023-03-31,2327,1596,199,486,425,20,2022,2022-2023,0.771379458530297
NH,2023-06-30,1844,1092,219,271,217,20,2022,2022-2023,0.710954446854664
NH,2023-09-30,2124,1338,203,419,367,11,2023,2023-2024,0.725517890772128
NH,2023-12-31,2157,1073,220,130,94,8,2023,2023-2024,0.599443671766342
NH,2024-03-31,3039,1978,267,131,91,17,2023,2023-2024,0.738729845343863
NH,2024-06-30,2290,1342,200,45,30,6,2023,2023-2024,0.673362445414847
NJ,2019-03-31,62215,37882,3298,14846,11627,630,2018,2018-2019,0.661898256047577
NJ,2019-06-30,39917,19662,1951,7507,5502,231,2018,2018-2019,0.541448505649222
NJ,2019-09-30,51493,31007,2660,9987,7926,298,2019,2019-2020,0.653817023673121
NJ,2019-12-31,9446,6888,1206,50462,20035,1818,2019,2019-2020,0.8568706330722
NJ,2020-03-31,11529,8344,692,137810,70202,2456,2019,2019-2020,0.78376268540203
NJ,2020-06-30,464502,236899,6974,25389,15301,849,2019,2019-2020,0.525020344368808
NJ,2020-09-30,13010,5748,824,108949,39060,4647,2020,2020-2021,0.505149884704074
NJ,2020-12-31,7571,3260,361,43472,16510,1818,2020,2020-2021,0.478272355038965
NJ,2021-03-31,8285,4535,325,55960,28859,1640,2020,2020-2021,0.586602293301147
NJ,2021-06-30,7638,4303,372,77211,37481,2742,2020,2020-2021,0.612071222833202
NJ,2021-09-30,8730,5202,402,51295,29208,1956,2021,2021-2022,0.64192439862543
NJ,2021-12-31,16287,6935,772,10801,5834,540,2021,2021-2022,0.473199484251243
NJ,2022-03-31,44047,27951,1981,14303,9882,672,2021,2021-2022,0.679546847685427
NJ,2022-06-30,33357,18095,2187,7934,5503,421,2021,2021-2022,0.608028299907066
NJ,2022-09-30,45901,26703,2615,8605,6503,333,2022,2022-2023,0.638722467920089
NJ,2022-12-31,45052,16383,2573,6824,3754,324,2022,2022-2023,0.420758234928527
NJ,2023-03-31,60941,33173,3192,11785,9062,385,2022,2022-2023,0.596724700940254
NJ,2023-06-30,42939,19723,2661,7052,5164,336,2022,2022-2023,0.521297654812641
NJ,2024-06-30,44244,18092,2574,10926,7805,557,2023,2023-2024,0.467091583039508
NM,2019-03-31,6428,3432,585,652,493,67,2018,2018-2019,0.624922215308027
NM,2019-06-30,5295,2838,231,372,268,33,2018,2018-2019,0.579603399433428
NM,2019-09-30,4593,2265,231,329,192,40,2019,2019-2020,0.543435662965382
NM,2019-12-31,5425,2239,316,610,415,39,2019,2019-2020,0.470967741935484
NM,2020-03-31,11751,5765,315,799,432,31,2019,2019-2020,0.51740277423198
NM,2020-06-30,103977,61700,2711,1499,933,66,2019,2019-2020,0.619473537416929
NM,2020-09-30,22232,9561,1040,324,169,21,2020,2020-2021,0.476835192515293
NM,2020-12-31,15970,7142,362,282,164,9,2020,2020-2021,0.469881026925485
NV,2019-03-31,11586,7039,416,3404,2842,46,2018,2018-2019,0.643448990160539
NV,2019-06-30,9748,5604,361,2433,2070,60,2018,2018-2019,0.611920393926959
NV,2019-09-30,10231,6028,295,2652,2336,33,2019,2019-2020,0.618023653601799
NV,2019-12-31,11367,6595,343,3313,2763,59,2019,2019-2020,0.610363332453594
NV,2020-03-31,12471,5195,400,61166,42439,643,2019,2019-2020,0.448640846764494
NV,2020-12-31,1,1,0,0,0,0,2020,2020-2021,1
NV,2021-03-31,1,1,0,0,0,0,2020,2020-2021,1
OH,2019-03-31,53439,38954,3232,3319,3005,60,2018,2018-2019,0.789423454780217
OH,2019-06-30,27847,16928,1203,6424,5911,50,2018,2018-2019,0.65109347506015
OH,2019-09-30,17741,11319,0,9876,5994,0,2019,2019-2020,0.638013640719238
OH,2019-12-31,16969,12181,0,23994,9518,0,2019,2019-2020,0.717838411220461
OH,2020-03-31,25505,21494,959,142405,107587,1138,2019,2019-2020,0.880337188786512
OH,2020-06-30,13644,11433,0,620414,494426,0,2019,2019-2020,0.837950747581355
OH,2020-09-30,2312,1799,135,85938,58918,2195,2020,2020-2021,0.836505190311419
OH,2020-12-31,29117,11727,549,37916,28736,1123,2020,2020-2021,0.421609369097091
OH,2021-03-31,80820,62655,1777,13830,11813,419,2020,2020-2021,0.797228408809701
OH,2021-12-31,23025,11806,839,2176,1933,24,2021,2021-2022,0.549185667752443
OH,2022-03-31,38995,30846,1119,2698,2595,14,2021,2021-2022,0.819720476984229
OH,2022-09-30,20384,13191,954,3029,2935,12,2022,2022-2023,0.693926609105181
OH,2022-12-31,29065,14356,1072,1027,944,1,2022,2022-2023,0.530810252881473
OH,2023-03-31,44608,31631,1352,2544,2379,11,2022,2022-2023,0.739396520803443
OK,2019-06-30,9782,5255,775,771,625,82,2018,2018-2019,0.616438356164384
OK,2019-12-31,10310,4504,856,1204,959,86,2019,2019-2020,0.51988360814743
OR,2019-03-31,15704,7963,895,12196,9732,529,2018,2018-2019,0.564060112073357
OR,2019-06-30,11811,5826,0,6060,4692,0,2018,2018-2019,0.493268986537973
OR,2019-09-30,12022,5809,0,8161,6558,0,2019,2019-2020,0.483197471302612
OR,2019-12-31,13272,5796,0,10039,7607,0,2019,2019-2020,0.436708860759494
OR,2020-03-31,23178,10016,0,33082,22738,0,2019,2019-2020,0.432133920096643
OR,2020-06-30,147636,75282,0,138038,98958,0,2019,2019-2020,0.509916280581972
OR,2020-09-30,70601,19469,0,19036,14445,0,2020,2020-2021,0.275760966558547
OR,2020-12-31,51865,12904,0,15780,11093,0,2020,2020-2021,0.248799768630097
OR,2021-03-31,34634,12106,0,14761,10854,0,2020,2020-2021,0.349540913553156
OR,2021-06-30,27434,12331,0,13718,10480,0,2020,2020-2021,0.449478748997594
OR,2021-09-30,20768,10383,0,12273,10154,0,2021,2021-2022,0.499951848998459
OR,2021-12-31,11788,5546,0,8524,6092,0,2021,2021-2022,0.470478452663726
OR,2022-03-31,11166,5676,0,10158,7872,0,2021,2021-2022,0.508328855454057
OR,2022-06-30,9283,4613,0,5331,4074,0,2021,2021-2022,0.496929871808683
OR,2022-09-30,10438,5216,0,6210,4947,0,2022,2022-2023,0.499712588618509
OR,2022-12-31,12875,5779,0,8396,5706,0,2022,2022-2023,0.448854368932039
OR,2023-03-31,13256,6287,0,8288,5645,0,2022,2022-2023,0.4742757996379
OR,2023-06-30,14440,6822,0,7685,5789,0,2022,2022-2023,0.472437673130194
PA,2019-03-31,49402,29967,1329,59386,52348,2661,2018,2018-2019,0.633496619570058
PA,2019-06-30,41657,23431,947,24598,21130,305,2018,2018-2019,0.585207768202223
PA,2019-09-30,43162,25184,973,28719,25651,232,2019,2019-2020,0.606019183541078
PA,2019-12-31,42875,23326,1061,36782,25396,683,2019,2019-2020,0.568793002915452
PA,2020-03-31,66765,33839,973,94889,72394,940,2019,2019-2020,0.52141091889463
PA,2020-06-30,495612,359670,4506,436116,372951,2886,2019,2019-2020,0.734800610154718
PA,2020-09-30,114673,71297,2217,51719,43861,793,2020,2020-2021,0.641075056900927
PA,2020-12-31,94655,57210,656,4816,3341,81,2020,2020-2021,0.611335904072685
PA,2021-03-31,109497,76407,682,7671,6341,143,2020,2020-2021,0.704028420869978
PA,2021-06-30,60695,45190,136,5405,4684,38,2020,2020-2021,0.746783095806903
PA,2021-09-30,80038,64683,321,15668,14377,54,2021,2021-2022,0.812164221994553
PA,2021-12-31,24917,15925,250,10463,7305,67,2021,2021-2022,0.649155195248224
PA,2022-03-31,31638,21928,4,27066,24578,1,2021,2021-2022,0.693217017510589
PA,2022-06-30,28068,18380,292,17462,15643,134,2021,2021-2022,0.665241556220607
PA,2022-09-30,29673,19072,335,17571,15603,213,2022,2022-2023,0.654028915175412
PA,2022-12-31,38793,22036,386,20494,12976,191,2022,2022-2023,0.577990874642332
PA,2023-03-31,48498,31078,485,34918,31824,182,2022,2022-2023,0.650810342694544
PA,2023-06-30,44794,26686,542,19675,17273,139,2022,2022-2023,0.607849265526633
PA,2023-09-30,49344,30880,876,22741,20583,122,2023,2023-2024,0.6435635538262
PA,2023-12-31,40377,21669,814,21923,14311,230,2023,2023-2024,0.556826906407113
PA,2024-03-31,58730,34779,1023,36900,33305,231,2023,2023-2024,0.609603269198025
PA,2024-06-30,49918,30307,944,12218,10849,116,2023,2023-2024,0.626046716615249
RI,2019-03-31,4937,2905,344,5118,4461,246,2018,2018-2019,0.65809195867936
RI,2019-06-30,2802,1167,208,1983,1552,129,2018,2018-2019,0.490720913633119
RI,2019-09-30,4516,2946,297,1331,1010,149,2019,2019-2020,0.718113374667848
RI,2019-12-31,4363,1691,277,1528,833,125,2019,2019-2020,0.451065780426312
RI,2020-03-31,32509,19006,424,4873,3576,144,2019,2019-2020,0.597680642283675
RI,2020-06-30,92134,68221,2235,8212,5650,322,2019,2019-2020,0.76471226691558
RI,2020-09-30,13302,10487,401,1209,902,87,2020,2020-2021,0.818523530296196
RI,2020-12-31,14357,11181,348,1054,637,66,2020,2020-2021,0.803022915650902
RI,2021-03-31,31127,26853,815,2556,2220,82,2020,2020-2021,0.888874610466797
RI,2021-06-30,32250,27004,29,1639,1323,1,2020,2020-2021,0.838232558139535
RI,2021-09-30,6669,4868,404,1810,1616,89,2021,2021-2022,0.790523316839106
RI,2021-12-31,2936,1327,239,1573,877,128,2021,2021-2022,0.533378746594005
RI,2022-03-31,4331,2877,282,4196,3741,161,2021,2021-2022,0.729392749942277
RI,2022-06-30,2926,1493,254,1826,1425,156,2021,2021-2022,0.597060833902939
RI,2022-09-30,3064,1605,284,2584,2275,137,2022,2022-2023,0.616514360313316
RI,2022-12-31,3227,1236,340,1823,1054,156,2022,2022-2023,0.488379299659126
SD,2019-03-31,843,579,58,1990,1724,199,2018,2018-2019,0.755634638196916
SD,2019-06-30,527,300,57,309,199,99,2018,2018-2019,0.67741935483871
SD,2019-09-30,555,345,43,286,145,130,2019,2019-2020,0.699099099099099
SD,2019-12-31,708,361,59,722,299,30,2019,2019-2020,0.593220338983051
SD,2020-03-31,887,436,59,1860,1655,63,2019,2019-2020,0.558060879368659
SD,2020-06-30,16544,13118,318,12941,11621,274,2019,2019-2020,0.812137330754352
SD,2020-09-30,2317,1587,105,1648,1322,179,2020,2020-2021,0.730254639620199
SD,2020-12-31,1450,810,103,1017,577,45,2020,2020-2021,0.629655172413793
SD,2021-03-31,1248,758,111,1973,1795,88,2020,2020-2021,0.696314102564103
SD,2021-06-30,907,586,72,309,253,31,2020,2020-2021,0.725468577728776
SD,2021-09-30,500,329,40,363,170,161,2021,2021-2022,0.738
SD,2021-12-31,494,261,43,596,199,44,2021,2021-2022,0.615384615384615
SD,2022-03-31,524,350,59,1582,1452,65,2021,2021-2022,0.780534351145038
SD,2022-06-30,352,225,28,179,117,42,2021,2021-2022,0.71875
SD,2022-09-30,331,207,32,244,109,123,2022,2022-2023,0.722054380664653
SD,2022-12-31,525,290,39,549,201,26,2022,2022-2023,0.626666666666667
SD,2023-03-31,2055,1762,86,38,34,4,2022,2022-2023,0.899270072992701
SD,2023-06-30,575,374,57,22,19,3,2022,2022-2023,0.749565217391304
SD,2023-09-30,743,439,141,1,0,0,2023,2023-2024,0.780619111709287
SD,2023-12-31,1138,528,110,2,0,0,2023,2023-2024,0.560632688927944
SD,2024-03-31,2061,1683,86,30,28,1,2023,2023-2024,0.858321203299369
SD,2024-06-30,799,470,57,18,16,0,2023,2023-2024,0.659574468085106
TN,2019-03-31,9885,23,0,4531,8,0,2018,2018-2019,0.00232675771370764
TN,2019-06-30,9600,5027,0,5544,4974,0,2018,2018-2019,0.523645833333333
TN,2019-09-30,11080,39,0,26778,15,0,2019,2019-2020,0.00351985559566787
TN,2019-12-31,32770,14,0,310577,182,0,2019,2019-2020,0.000427220018309429
TN,2020-03-31,6481,4,0,67743,100,0,2019,2019-2020,0.00061718870544669
TN,2020-06-30,9588,25,0,10821,43,0,2019,2019-2020,0.00260742594910305
TN,2020-09-30,22266,71,0,13209,20,0,2020,2020-2021,0.00318871822509656
TN,2020-12-31,29869,83,0,13101,15,0,2020,2020-2021,0.00277880076333322
TN,2021-03-31,11598,58,0,4706,9,0,2020,2020-2021,0.00500086221762373
TN,2021-06-30,4502,30,0,2184,4,0,2020,2020-2021,0.00666370501999112
TN,2021-09-30,6869,30,0,5806,14,0,2021,2021-2022,0.00436744795457854
TN,2021-12-31,6973,14,0,3165,7,0,2021,2021-2022,0.0020077441560304
TN,2022-03-31,9198,29,0,3746,7,0,2021,2021-2022,0.00315285931724288
TN,2022-06-30,8455,13,0,3033,0,0,2021,2021-2022,0.00153755174452986
TN,2022-09-30,8924,8,0,4770,4,0,2022,2022-2023,0.000896458987001345
TN,2022-12-31,10179,2,0,3274,2,0,2022,2022-2023,0.000196482955103645
TN,2023-03-31,10506,9,0,2682,3,0,2022,2022-2023,0.00085665334094803
TX,2019-03-31,77903,44926,4990,16552,12429,3248,2018,2018-2019,0.640745542533664
TX,2019-06-30,80977,45236,6763,7777,6098,887,2018,2018-2019,0.642145300517431
TX,2019-09-30,83443,46597,5445,8579,6873,838,2019,2019-2020,0.623683232865549
TX,2019-12-31,86433,47505,5265,8434,6718,674,2019,2019-2020,0.610530700079831
TX,2020-03-31,73954,29309,4166,65940,40787,1850,2019,2019-2020,0.452646239554318
TX,2020-06-30,2502,566,534,1385018,879084,28116,2019,2019-2020,0.4396482813749
TX,2020-09-30,295,134,34,380506,220649,13008,2020,2020-2021,0.569491525423729
UT,2019-03-31,6556,4216,318,4781,3355,78,2018,2018-2019,0.691580231848688
UT,2019-06-30,5135,3317,257,742,598,44,2018,2018-2019,0.696007789678676
UT,2019-09-30,4953,3117,263,352,267,16,2019,2019-2020,0.68241469816273
UT,2019-12-31,6662,3975,304,1887,1202,43,2019,2019-2020,0.642299609726809
UT,2020-03-31,9003,4761,274,5284,4310,66,2019,2019-2020,0.559258025102744
UT,2020-06-30,39717,23116,0,69490,59173,0,2019,2019-2020,0.582017775763527
UT,2020-09-30,10120,5666,0,6029,4585,0,2020,2020-2021,0.559881422924901
UT,2020-12-31,8853,4797,0,2624,1790,0,2020,2020-2021,0.541850220264317
UT,2021-03-31,8965,5571,0,3256,2936,0,2020,2020-2021,0.621416620189626
UT,2021-06-30,8254,5648,0,1287,1174,0,2020,2020-2021,0.684274291252726
UT,2021-09-30,6804,4800,0,552,494,0,2021,2021-2022,0.705467372134039
UT,2021-12-31,4884,3219,0,2004,1328,0,2021,2021-2022,0.659090909090909
UT,2022-03-31,4883,3477,0,2779,2560,0,2021,2021-2022,0.712062256809339
UT,2022-06-30,4657,2915,0,622,511,0,2021,2021-2022,0.625939445995276
UT,2022-09-30,5224,3405,0,440,407,1,2022,2022-2023,0.651799387442573
UT,2022-12-31,7093,4419,1,2231,1456,0,2022,2022-2023,0.623149584096997
UT,2023-03-31,8933,5891,0,3169,2922,0,2022,2022-2023,0.659464905406918
UT,2023-06-30,7905,4901,1,790,715,0,2022,2022-2023,0.62011385199241
UT,2023-09-30,7490,4532,0,503,429,0,2023,2023-2024,0.605073431241656
UT,2023-12-31,8607,4560,0,1694,1092,0,2023,2023-2024,0.529801324503311
UT,2024-03-31,9595,5564,0,2987,2550,0,2023,2023-2024,0.579885356956748
UT,2024-06-30,8379,4868,0,786,701,0,2023,2023-2024,0.580976250149183
VA,2019-03-31,18799,9964,2955,2730,1804,718,2018,2018-2019,0.687217405181127
VA,2019-06-30,13952,6218,2453,1759,1133,480,2018,2018-2019,0.621487958715596
VT,2019-03-31,2679,1935,78,2453,2323,23,2018,2018-2019,0.751399776035834
VT,2019-06-30,1634,961,81,1392,1300,17,2018,2018-2019,0.637698898408813
VT,2019-09-30,1375,884,0,663,623,0,2019,2019-2020,0.642909090909091
VT,2019-12-31,2875,1647,0,737,668,0,2019,2019-2020,0.572869565217391
VT,2020-03-31,2875,1647,0,737,668,0,2019,2019-2020,0.572869565217391
VT,2020-06-30,2875,1647,0,737,668,0,2019,2019-2020,0.572869565217391
VT,2020-09-30,4117,2316,98,1812,1452,62,2020,2020-2021,0.586349283458829
VT,2020-12-31,3409,1515,55,808,596,25,2020,2020-2021,0.460545614549721
VT,2021-03-31,4697,3139,89,1185,1047,20,2020,2020-2021,0.687247179050458
VT,2021-06-30,5399,3857,110,1561,1445,13,2020,2020-2021,0.734765697351361
VT,2021-09-30,1558,994,51,874,805,4,2021,2021-2022,0.670731707317073
VT,2021-12-31,1971,1003,101,733,644,11,2021,2021-2022,0.560121765601218
VT,2022-03-31,2325,1783,86,1781,1688,12,2021,2021-2022,0.803870967741936
VT,2022-06-30,1478,939,60,947,868,12,2021,2021-2022,0.675913396481732
VT,2022-09-30,987,615,0,712,677,0,2022,2022-2023,0.623100303951368
VT,2022-12-31,1457,715,40,646,585,4,2022,2022-2023,0.518188057652711
VT,2023-03-31,2146,1599,56,1701,1611,7,2022,2022-2023,0.771202236719478
VT,2023-06-30,1633,1018,0,1234,1177,0,2022,2022-2023,0.623392529087569
VT,2023-09-30,1603,1065,0,891,840,0,2023,2023-2024,0.664379288833437
VT,2023-12-31,1655,789,0,595,536,0,2023,2023-2024,0.476737160120846
VT,2024-03-31,2093,1459,60,1540,1458,7,2023,2023-2024,0.725752508361204
VT,2024-06-30,1459,882,66,1000,940,9,2023,2023-2024,0.649760109664154
WA,2019-03-31,30551,20925,1224,22953,17911,2172,2018,2018-2019,0.724984452227423
WA,2019-06-30,23135,14385,1275,10480,7052,1880,2018,2018-2019,0.676896477199049
WA,2019-09-30,21218,13146,861,10655,7048,1666,2019,2019-2020,0.660147044961825
WI,2019-03-31,12903,8798,867,28571,26552,1398,2018,2018-2019,0.749050608385647
WI,2019-06-30,10613,6989,655,8925,8150,397,2018,2018-2019,0.720248751531141
WI,2019-09-30,10028,6610,621,9012,8385,301,2019,2019-2020,0.72108097327483
WI,2019-12-31,11968,6964,688,15818,12347,528,2019,2019-2020,0.639371657754011
WI,2020-03-31,18109,10368,651,39116,33687,990,2019,2019-2020,0.608481970291016
WI,2020-06-30,75840,55991,1170,164232,148878,1742,2019,2019-2020,0.753705168776371
WI,2020-09-30,14903,8888,708,22745,20027,616,2020,2020-2021,0.643897201905657
WI,2020-12-31,25492,12680,988,35303,27861,863,2020,2020-2021,0.536168209634395
WI,2021-03-31,13193,7826,695,19555,17538,707,2020,2020-2021,0.645872811339347
WI,2021-06-30,7339,4383,436,7339,6012,314,2020,2020-2021,0.656628968524322
WI,2021-09-30,6136,4417,347,4843,4307,178,2021,2021-2022,0.776401564537158
WI,2021-12-31,11062,7439,469,12122,9256,303,2021,2021-2022,0.714879768577111
WI,2022-03-31,10307,7144,648,22261,20527,862,2021,2021-2022,0.75599107402736
WI,2022-06-30,7368,4967,496,8310,7617,306,2021,2021-2022,0.741449511400652
WI,2022-09-30,7658,5182,445,6906,6311,255,2022,2022-2023,0.734787150692087
WI,2022-12-31,9700,5617,568,10400,7772,396,2022,2022-2023,0.637628865979381
WI,2023-06-30,9851,6178,651,7531,6795,319,2022,2022-2023,0.693229113795554
WI,2023-09-30,9652,6128,576,6278,5693,197,2023,2023-2024,0.694571073352673
WI,2023-12-31,10697,6115,574,10258,7825,349,2023,2023-2024,0.625315509021221
WV,2019-03-31,5549,2989,551,9683,7506,1012,2018,2018-2019,0.637952784285457
WV,2019-06-30,4220,1994,366,2413,2085,108,2018,2018-2019,0.559241706161138
WV,2019-09-30,4529,2096,404,2222,1518,260,2019,2019-2020,0.551998233605653
WV,2019-12-31,6929,3082,597,5298,3119,475,2019,2019-2020,0.530956848030019
WV,2020-03-31,18430,11335,518,8876,6260,729,2019,2019-2020,0.643136190992946
WV,2020-06-30,7057,3217,609,5169,3064,480,2019,2019-2020,0.54215672382032
WV,2020-09-30,18636,11743,569,8692,6201,755,2020,2020-2021,0.660656793303284
WV,2020-12-31,91374,65979,2577,13390,11734,507,2020,2020-2021,0.75027907282159
WV,2021-03-31,8215,4631,458,6457,5459,416,2020,2020-2021,0.619476567255021
WV,2021-06-30,7007,4302,297,2672,2335,117,2020,2020-2021,0.656343656343656
WV,2021-09-30,5059,3109,250,1483,1232,65,2021,2021-2022,0.663965210515912
WV,2021-12-31,3334,1649,258,2220,1529,140,2021,2021-2022,0.571985602879424
WV,2022-03-31,3785,2112,284,5376,4720,213,2021,2021-2022,0.633025099075297
WV,2022-06-30,3481,1910,258,1832,1590,85,2021,2021-2022,0.622809537489227
WV,2022-09-30,2902,1506,179,1583,1328,72,2022,2022-2023,0.580634045485872
WV,2022-12-31,3664,1725,236,2631,1861,123,2022,2022-2023,0.535207423580786
WV,2023-03-31,4040,2188,325,5036,4299,292,2022,2022-2023,0.622029702970297
WV,2023-06-30,3405,1724,260,2137,1844,92,2022,2022-2023,0.582672540381792
WV,2023-09-30,3471,1768,223,1771,1510,98,2023,2023-2024,0.573609910688562
WV,2023-12-31,3658,1674,277,2776,1953,161,2023,2023-2024,0.53335155822854
WV,2024-03-31,4362,2177,304,5976,4823,346,2023,2023-2024,0.568775790921596
WV,2024-06-30,4008,2102,353,2391,1797,255,2023,2023-2024,0.6125249500998
WY,2019-03-31,1778,978,0,1616,1073,0,2018,2018-2019,0.550056242969629
WY,2019-06-30,1360,605,0,478,285,0,2018,2018-2019,0.444852941176471
WY,2019-09-30,1433,542,0,236,117,0,2019,2019-2020,0.378227494766225
WY,2019-12-31,2474,967,0,749,365,0,2019,2019-2020,0.390864995957963
WY,2020-03-31,2441,1026,0,2209,1476,0,2019,2019-2020,0.420319541171651
WY,2020-06-30,8604,3376,0,11310,6706,0,2019,2019-2020,0.392375639237564
WY,2020-09-30,3057,1017,0,1532,641,0,2020,2020-2021,0.332679097154073
WY,2020-12-31,2522,979,0,922,495,0,2020,2020-2021,0.388183980967486
WY,2021-03-31,2361,1179,0,1742,1309,0,2020,2020-2021,0.499364675984752
WY,2021-06-30,1961,1085,0,674,498,0,2020,2020-2021,0.553289138194799
WY,2021-09-30,1079,524,0,271,161,0,2021,2021-2022,0.48563484708063
WY,2021-12-31,1699,968,0,607,352,0,2021,2021-2022,0.569746909947028
WY,2022-03-31,1444,869,0,1317,1040,0,2021,2021-2022,0.601800554016621
WY,2022-06-30,1098,658,0,565,421,0,2021,2021-2022,0.599271402550091
WY,2022-09-30,941,499,0,196,110,0,2022,2022-2023,0.53028692879915
WY,2022-12-31,1717,880,0,573,288,0,2022,2022-2023,0.512521840419336
WY,2023-03-31,1413,871,0,1217,995,0,2022,2022-2023,0.616418966737438
WY,2023-06-30,1224,779,0,361,254,0,2022,2022-2023,0.636437908496732
WY,2023-12-31,1877,991,0,549,332,0,2023,2023-2024,0.527970165157166
WY,2024-03-31,1510,938,0,1171,955,0,2023,2023-2024,0.621192052980133
