state,nonmonetary_separation_quality_percent,nonmonetary_nonseparation_quality_percent,start_date,end_date,md_fy_num,md_fy_str
AK,75.9,89.7,2018-01-01,2018-03-31,2017,2017-2018
AL,80,88.5,2018-01-01,2018-03-31,2017,2017-2018
AR,93.3,87.1,2018-01-01,2018-03-31,2017,2017-2018
AZ,57.1,60,2018-01-01,2018-03-31,2017,2017-2018
CA,76.6,90,2018-01-01,2018-03-31,2017,2017-2018
CO,86,88.6,2018-01-01,2018-03-31,2017,2017-2018
CT,93.6,86.7,2018-01-01,2018-03-31,2017,2017-2018
DC,81.5,90,2018-01-01,2018-03-31,2017,2017-2018
DE,83.3,87.1,2018-01-01,2018-03-31,2017,2017-2018
FL,59.6,72.3,2018-01-01,2018-03-31,2017,2017-2018
GA,82,74.5,2018-01-01,2018-03-31,2017,2017-2018
HI,81.5,85.7,2018-01-01,2018-03-31,2017,2017-2018
IA,75.9,86.7,2018-01-01,2018-03-31,2017,2017-2018
ID,90,96.2,2018-01-01,2018-03-31,2017,2017-2018
IL,66.7,87.2,2018-01-01,2018-03-31,2017,2017-2018
IN,83.7,97.9,2018-01-01,2018-03-31,2017,2017-2018
KS,80,75.9,2018-01-01,2018-03-31,2017,2017-2018
KY,60,83.3,2018-01-01,2018-03-31,2017,2017-2018
LA,80.8,80.4,2018-01-01,2018-03-31,2017,2017-2018
MA,53.1,89.1,2018-01-01,2018-03-31,2017,2017-2018
MD,72,87,2018-01-01,2018-03-31,2017,2017-2018
ME,63.3,63,2018-01-01,2018-03-31,2017,2017-2018
MI,92,98,2018-01-01,2018-03-31,2017,2017-2018
MN,91.7,91.5,2018-01-01,2018-03-31,2017,2017-2018
MO,76.5,91.3,2018-01-01,2018-03-31,2017,2017-2018
MS,96.7,96.4,2018-01-01,2018-03-31,2017,2017-2018
MT,70,86.7,2018-01-01,2018-03-31,2017,2017-2018
NC,72,86.8,2018-01-01,2018-03-31,2017,2017-2018
ND,86.7,96.6,2018-01-01,2018-03-31,2017,2017-2018
NE,70,86.2,2018-01-01,2018-03-31,2017,2017-2018
NH,73.3,68,2018-01-01,2018-03-31,2017,2017-2018
NJ,58.7,55.3,2018-01-01,2018-03-31,2017,2017-2018
NM,93.3,93.1,2018-01-01,2018-03-31,2017,2017-2018
NV,86.7,90,2018-01-01,2018-03-31,2017,2017-2018
NY,81.3,88.9,2018-01-01,2018-03-31,2017,2017-2018
OH,71.4,79.1,2018-01-01,2018-03-31,2017,2017-2018
OK,100,100,2018-01-01,2018-03-31,2017,2017-2018
OR,68,72.7,2018-01-01,2018-03-31,2017,2017-2018
PA,36.7,85.4,2018-01-01,2018-03-31,2017,2017-2018
PR,,,2018-01-01,2018-03-31,2017,2017-2018
RI,50,93.3,2018-01-01,2018-03-31,2017,2017-2018
SC,69,83.3,2018-01-01,2018-03-31,2017,2017-2018
SD,83.3,80,2018-01-01,2018-03-31,2017,2017-2018
TN,69.4,41.2,2018-01-01,2018-03-31,2017,2017-2018
TX,80,91.8,2018-01-01,2018-03-31,2017,2017-2018
US,73.4,86.1,2018-01-01,2018-03-31,2017,2017-2018
UT,93.1,96.4,2018-01-01,2018-03-31,2017,2017-2018
VA,56.7,86.2,2018-01-01,2018-03-31,2017,2017-2018
VI,,,2018-01-01,2018-03-31,2017,2017-2018
VT,80,66.7,2018-01-01,2018-03-31,2017,2017-2018
WA,50,70.5,2018-01-01,2018-03-31,2017,2017-2018
WI,75.5,84.1,2018-01-01,2018-03-31,2017,2017-2018
WV,76.7,93.3,2018-01-01,2018-03-31,2017,2017-2018
WY,86.2,93.3,2018-01-01,2018-03-31,2017,2017-2018
AK,76.7,95.5,2018-04-01,2018-06-30,2017,2017-2018
AL,70,83.3,2018-04-01,2018-06-30,2017,2017-2018
AR,93.3,90,2018-04-01,2018-06-30,2017,2017-2018
AZ,62,78.7,2018-04-01,2018-06-30,2017,2017-2018
CA,76,87.8,2018-04-01,2018-06-30,2017,2017-2018
CO,84,80.5,2018-04-01,2018-06-30,2017,2017-2018
CT,86.7,90,2018-04-01,2018-06-30,2017,2017-2018
DC,65.6,77.8,2018-04-01,2018-06-30,2017,2017-2018
DE,75.9,90,2018-04-01,2018-06-30,2017,2017-2018
FL,57.5,75,2018-04-01,2018-06-30,2017,2017-2018
GA,72,73.5,2018-04-01,2018-06-30,2017,2017-2018
HI,79.3,78.6,2018-04-01,2018-06-30,2017,2017-2018
IA,80.7,96.6,2018-04-01,2018-06-30,2017,2017-2018
ID,86.7,96.4,2018-04-01,2018-06-30,2017,2017-2018
IL,75,83.3,2018-04-01,2018-06-30,2017,2017-2018
IN,78.7,98,2018-04-01,2018-06-30,2017,2017-2018
KS,73.3,83.3,2018-04-01,2018-06-30,2017,2017-2018
KY,80,74.1,2018-04-01,2018-06-30,2017,2017-2018
LA,90.4,87.8,2018-04-01,2018-06-30,2017,2017-2018
MA,77.6,50,2018-04-01,2018-06-30,2017,2017-2018
MD,81.3,80,2018-04-01,2018-06-30,2017,2017-2018
ME,73.3,64.5,2018-04-01,2018-06-30,2017,2017-2018
MI,68.8,91.3,2018-04-01,2018-06-30,2017,2017-2018
MN,84,87.8,2018-04-01,2018-06-30,2017,2017-2018
MO,80,86,2018-04-01,2018-06-30,2017,2017-2018
MS,86.7,96.3,2018-04-01,2018-06-30,2017,2017-2018
MT,65.5,96.3,2018-04-01,2018-06-30,2017,2017-2018
NC,70,93.6,2018-04-01,2018-06-30,2017,2017-2018
ND,92.9,100,2018-04-01,2018-06-30,2017,2017-2018
NE,70,86.2,2018-04-01,2018-06-30,2017,2017-2018
NH,86.7,80.8,2018-04-01,2018-06-30,2017,2017-2018
NJ,63,51.2,2018-04-01,2018-06-30,2017,2017-2018
NM,96.4,93.1,2018-04-01,2018-06-30,2017,2017-2018
NV,86.7,83.3,2018-04-01,2018-06-30,2017,2017-2018
NY,72,78.3,2018-04-01,2018-06-30,2017,2017-2018
OH,74.5,60,2018-04-01,2018-06-30,2017,2017-2018
OK,86.7,96.7,2018-04-01,2018-06-30,2017,2017-2018
OR,66,84.3,2018-04-01,2018-06-30,2017,2017-2018
PA,59.2,80.4,2018-04-01,2018-06-30,2017,2017-2018
PR,63.3,84.6,2018-04-01,2018-06-30,2017,2017-2018
RI,76.7,90,2018-04-01,2018-06-30,2017,2017-2018
SC,71,92.6,2018-04-01,2018-06-30,2017,2017-2018
SD,73.3,90,2018-04-01,2018-06-30,2017,2017-2018
TN,66,54.6,2018-04-01,2018-06-30,2017,2017-2018
TX,77.6,89.6,2018-04-01,2018-06-30,2017,2017-2018
US,73.5,83,2018-04-01,2018-06-30,2017,2017-2018
UT,100,90.3,2018-04-01,2018-06-30,2017,2017-2018
VA,62.1,96.6,2018-04-01,2018-06-30,2017,2017-2018
VI,,,2018-04-01,2018-06-30,2017,2017-2018
VT,83.3,63.3,2018-04-01,2018-06-30,2017,2017-2018
WA,58.3,63.6,2018-04-01,2018-06-30,2017,2017-2018
WI,77.6,93.9,2018-04-01,2018-06-30,2017,2017-2018
WV,80,100,2018-04-01,2018-06-30,2017,2017-2018
WY,75,92.3,2018-04-01,2018-06-30,2017,2017-2018
AK,90,96.7,2018-07-01,2018-09-30,2018,2018-2019
AL,76.7,96.7,2018-07-01,2018-09-30,2018,2018-2019
AR,86.7,83.3,2018-07-01,2018-09-30,2018,2018-2019
AZ,57.1,87.2,2018-07-01,2018-09-30,2018,2018-2019
CA,78.7,88.4,2018-07-01,2018-09-30,2018,2018-2019
CO,78,78.6,2018-07-01,2018-09-30,2018,2018-2019
CT,80,82.8,2018-07-01,2018-09-30,2018,2018-2019
DC,66.7,89.3,2018-07-01,2018-09-30,2018,2018-2019
DE,90,82.8,2018-07-01,2018-09-30,2018,2018-2019
FL,49,66.7,2018-07-01,2018-09-30,2018,2018-2019
GA,82,66.7,2018-07-01,2018-09-30,2018,2018-2019
HI,87.1,85.7,2018-07-01,2018-09-30,2018,2018-2019
IA,76.7,90,2018-07-01,2018-09-30,2018,2018-2019
ID,90,88.9,2018-07-01,2018-09-30,2018,2018-2019
IL,80,82.1,2018-07-01,2018-09-30,2018,2018-2019
IN,70.8,93.5,2018-07-01,2018-09-30,2018,2018-2019
KS,73.3,60,2018-07-01,2018-09-30,2018,2018-2019
KY,73.3,82.1,2018-07-01,2018-09-30,2018,2018-2019
LA,90,89.6,2018-07-01,2018-09-30,2018,2018-2019
MA,54,60.4,2018-07-01,2018-09-30,2018,2018-2019
MD,78,95.7,2018-07-01,2018-09-30,2018,2018-2019
ME,96.7,96.4,2018-07-01,2018-09-30,2018,2018-2019
MI,82.6,93.6,2018-07-01,2018-09-30,2018,2018-2019
MN,80.9,87.8,2018-07-01,2018-09-30,2018,2018-2019
MO,73.5,97.6,2018-07-01,2018-09-30,2018,2018-2019
MS,100,96.4,2018-07-01,2018-09-30,2018,2018-2019
MT,76.7,86.2,2018-07-01,2018-09-30,2018,2018-2019
NC,58,84.4,2018-07-01,2018-09-30,2018,2018-2019
ND,100,100,2018-07-01,2018-09-30,2018,2018-2019
NE,76.7,86.7,2018-07-01,2018-09-30,2018,2018-2019
NH,86.2,85.7,2018-07-01,2018-09-30,2018,2018-2019
NJ,51,59.1,2018-07-01,2018-09-30,2018,2018-2019
NM,79.3,89.3,2018-07-01,2018-09-30,2018,2018-2019
NV,89.3,83.3,2018-07-01,2018-09-30,2018,2018-2019
NY,55.3,68.3,2018-07-01,2018-09-30,2018,2018-2019
OH,69.4,85.3,2018-07-01,2018-09-30,2018,2018-2019
OK,90,96.6,2018-07-01,2018-09-30,2018,2018-2019
OR,79.6,74.5,2018-07-01,2018-09-30,2018,2018-2019
PA,49,87.2,2018-07-01,2018-09-30,2018,2018-2019
PR,66.7,58.6,2018-07-01,2018-09-30,2018,2018-2019
RI,51.9,86.7,2018-07-01,2018-09-30,2018,2018-2019
SC,62.1,75,2018-07-01,2018-09-30,2018,2018-2019
SD,86.7,83.3,2018-07-01,2018-09-30,2018,2018-2019
TN,66.7,56.8,2018-07-01,2018-09-30,2018,2018-2019
TX,81.3,91.8,2018-07-01,2018-09-30,2018,2018-2019
US,72.3,83.1,2018-07-01,2018-09-30,2018,2018-2019
UT,98,100,2018-07-01,2018-09-30,2018,2018-2019
VA,73.3,89.7,2018-07-01,2018-09-30,2018,2018-2019
VI,,,2018-07-01,2018-09-30,2018,2018-2019
VT,62.1,73.3,2018-07-01,2018-09-30,2018,2018-2019
WA,63,63.8,2018-07-01,2018-09-30,2018,2018-2019
WI,83.3,87.5,2018-07-01,2018-09-30,2018,2018-2019
WV,86.7,93.1,2018-07-01,2018-09-30,2018,2018-2019
WY,73.3,51.9,2018-07-01,2018-09-30,2018,2018-2019
AK,80,82.8,2018-10-01,2018-12-31,2018,2018-2019
AL,63.3,93.3,2018-10-01,2018-12-31,2018,2018-2019
AR,93.3,90,2018-10-01,2018-12-31,2018,2018-2019
AZ,55.1,75.6,2018-10-01,2018-12-31,2018,2018-2019
CA,75,80,2018-10-01,2018-12-31,2018,2018-2019
CO,88,91.3,2018-10-01,2018-12-31,2018,2018-2019
CT,80,90.3,2018-10-01,2018-12-31,2018,2018-2019
DC,76.7,89.7,2018-10-01,2018-12-31,2018,2018-2019
DE,83.3,90,2018-10-01,2018-12-31,2018,2018-2019
FL,57.1,75.6,2018-10-01,2018-12-31,2018,2018-2019
GA,78,65.3,2018-10-01,2018-12-31,2018,2018-2019
HI,76.7,85.2,2018-10-01,2018-12-31,2018,2018-2019
IA,93.3,79.3,2018-10-01,2018-12-31,2018,2018-2019
ID,93.3,93.3,2018-10-01,2018-12-31,2018,2018-2019
IL,71.7,92.1,2018-10-01,2018-12-31,2018,2018-2019
IN,79.2,88.6,2018-10-01,2018-12-31,2018,2018-2019
KS,70,63.3,2018-10-01,2018-12-31,2018,2018-2019
KY,77.8,85.7,2018-10-01,2018-12-31,2018,2018-2019
LA,90,95.9,2018-10-01,2018-12-31,2018,2018-2019
MA,61.2,75.5,2018-10-01,2018-12-31,2018,2018-2019
MD,83.3,85.7,2018-10-01,2018-12-31,2018,2018-2019
ME,73.3,92.9,2018-10-01,2018-12-31,2018,2018-2019
MI,85.1,81.8,2018-10-01,2018-12-31,2018,2018-2019
MN,82,82.6,2018-10-01,2018-12-31,2018,2018-2019
MO,84,86.7,2018-10-01,2018-12-31,2018,2018-2019
MS,90,96.2,2018-10-01,2018-12-31,2018,2018-2019
MT,82.8,96.6,2018-10-01,2018-12-31,2018,2018-2019
NC,74,87,2018-10-01,2018-12-31,2018,2018-2019
ND,96.7,100,2018-10-01,2018-12-31,2018,2018-2019
NE,70,96.7,2018-10-01,2018-12-31,2018,2018-2019
NH,77.4,88.9,2018-10-01,2018-12-31,2018,2018-2019
NJ,47.9,47.7,2018-10-01,2018-12-31,2018,2018-2019
NM,79.3,89.7,2018-10-01,2018-12-31,2018,2018-2019
NV,90,96.7,2018-10-01,2018-12-31,2018,2018-2019
NY,82.6,76.2,2018-10-01,2018-12-31,2018,2018-2019
OH,92,71.4,2018-10-01,2018-12-31,2018,2018-2019
OK,96.7,96.4,2018-10-01,2018-12-31,2018,2018-2019
OR,67.4,80.4,2018-10-01,2018-12-31,2018,2018-2019
PA,64,89.6,2018-10-01,2018-12-31,2018,2018-2019
PR,41.4,77.4,2018-10-01,2018-12-31,2018,2018-2019
RI,69,73.3,2018-10-01,2018-12-31,2018,2018-2019
SC,79.3,86.2,2018-10-01,2018-12-31,2018,2018-2019
SD,80,90,2018-10-01,2018-12-31,2018,2018-2019
TN,53.1,71.1,2018-10-01,2018-12-31,2018,2018-2019
TX,83,90,2018-10-01,2018-12-31,2018,2018-2019
US,75.8,83.3,2018-10-01,2018-12-31,2018,2018-2019
UT,97.9,94.1,2018-10-01,2018-12-31,2018,2018-2019
VA,60,96.4,2018-10-01,2018-12-31,2018,2018-2019
VI,,,2018-10-01,2018-12-31,2018,2018-2019
VT,63.3,69,2018-10-01,2018-12-31,2018,2018-2019
WA,68.9,77.3,2018-10-01,2018-12-31,2018,2018-2019
WI,94,89.8,2018-10-01,2018-12-31,2018,2018-2019
WV,93.3,100,2018-10-01,2018-12-31,2018,2018-2019
WY,86.7,70,2018-10-01,2018-12-31,2018,2018-2019
AK,86.7,80,2019-01-01,2019-03-31,2018,2018-2019
AL,63.3,100,2019-01-01,2019-03-31,2018,2018-2019
AR,90,96.6,2019-01-01,2019-03-31,2018,2018-2019
AZ,38,66.7,2019-01-01,2019-03-31,2018,2018-2019
CA,80.4,92.5,2019-01-01,2019-03-31,2018,2018-2019
CO,81.3,77.3,2019-01-01,2019-03-31,2018,2018-2019
CT,83.3,79.3,2019-01-01,2019-03-31,2018,2018-2019
DC,86.7,83.3,2019-01-01,2019-03-31,2018,2018-2019
DE,72.4,92.9,2019-01-01,2019-03-31,2018,2018-2019
FL,52.2,75,2019-01-01,2019-03-31,2018,2018-2019
GA,74,62,2019-01-01,2019-03-31,2018,2018-2019
HI,82.8,86.2,2019-01-01,2019-03-31,2018,2018-2019
IA,76.7,92.9,2019-01-01,2019-03-31,2018,2018-2019
ID,93.1,82.8,2019-01-01,2019-03-31,2018,2018-2019
IL,77.6,79,2019-01-01,2019-03-31,2018,2018-2019
IN,75.5,95.9,2019-01-01,2019-03-31,2018,2018-2019
KS,51.7,75.9,2019-01-01,2019-03-31,2018,2018-2019
KY,63.3,72.4,2019-01-01,2019-03-31,2018,2018-2019
LA,90,80.8,2019-01-01,2019-03-31,2018,2018-2019
MA,62.5,79.2,2019-01-01,2019-03-31,2018,2018-2019
MD,81.3,91.5,2019-01-01,2019-03-31,2018,2018-2019
ME,63.3,95.8,2019-01-01,2019-03-31,2018,2018-2019
MI,85.4,95.6,2019-01-01,2019-03-31,2018,2018-2019
MN,87.8,91.7,2019-01-01,2019-03-31,2018,2018-2019
MO,79.6,95,2019-01-01,2019-03-31,2018,2018-2019
MS,96.6,100,2019-01-01,2019-03-31,2018,2018-2019
MT,73.3,93.1,2019-01-01,2019-03-31,2018,2018-2019
NC,60.7,72.4,2019-01-01,2019-03-31,2018,2018-2019
ND,93.1,100,2019-01-01,2019-03-31,2018,2018-2019
NE,86.7,90,2019-01-01,2019-03-31,2018,2018-2019
NH,83.3,90,2019-01-01,2019-03-31,2018,2018-2019
NJ,51,63.6,2019-01-01,2019-03-31,2018,2018-2019
NM,67.9,89.7,2019-01-01,2019-03-31,2018,2018-2019
NV,92.9,92.6,2019-01-01,2019-03-31,2018,2018-2019
NY,69.4,93.2,2019-01-01,2019-03-31,2018,2018-2019
OH,70,70.2,2019-01-01,2019-03-31,2018,2018-2019
OK,96.6,93.1,2019-01-01,2019-03-31,2018,2018-2019
OR,79.6,80,2019-01-01,2019-03-31,2018,2018-2019
PA,54,76.6,2019-01-01,2019-03-31,2018,2018-2019
PR,60,93.3,2019-01-01,2019-03-31,2018,2018-2019
RI,55.2,83.3,2019-01-01,2019-03-31,2018,2018-2019
SC,83.7,89.1,2019-01-01,2019-03-31,2018,2018-2019
SD,75.9,86.7,2019-01-01,2019-03-31,2018,2018-2019
TN,60,63.6,2019-01-01,2019-03-31,2018,2018-2019
TX,87.8,90,2019-01-01,2019-03-31,2018,2018-2019
US,74.7,85,2019-01-01,2019-03-31,2018,2018-2019
UT,88.5,96,2019-01-01,2019-03-31,2018,2018-2019
VA,60,93.1,2019-01-01,2019-03-31,2018,2018-2019
VI,,,2019-01-01,2019-03-31,2018,2018-2019
VT,80,63.3,2019-01-01,2019-03-31,2018,2018-2019
WA,81.3,70.8,2019-01-01,2019-03-31,2018,2018-2019
WI,81.6,73.9,2019-01-01,2019-03-31,2018,2018-2019
WV,96.7,100,2019-01-01,2019-03-31,2018,2018-2019
WY,86.7,75.9,2019-01-01,2019-03-31,2018,2018-2019
AK,80,69.2,2019-04-01,2019-06-30,2018,2018-2019
AL,90,100,2019-04-01,2019-06-30,2018,2018-2019
AR,93.3,93.6,2019-04-01,2019-06-30,2018,2018-2019
AZ,49,73.8,2019-04-01,2019-06-30,2018,2018-2019
CA,83.3,92.5,2019-04-01,2019-06-30,2018,2018-2019
CO,79.6,90.9,2019-04-01,2019-06-30,2018,2018-2019
CT,58.6,80,2019-04-01,2019-06-30,2018,2018-2019
DC,76.7,81.5,2019-04-01,2019-06-30,2018,2018-2019
DE,80,88.9,2019-04-01,2019-06-30,2018,2018-2019
FL,38.3,68.1,2019-04-01,2019-06-30,2018,2018-2019
GA,74,62.5,2019-04-01,2019-06-30,2018,2018-2019
HI,80,86.7,2019-04-01,2019-06-30,2018,2018-2019
IA,73.3,78.8,2019-04-01,2019-06-30,2018,2018-2019
ID,96.7,86.7,2019-04-01,2019-06-30,2018,2018-2019
IL,76,80,2019-04-01,2019-06-30,2018,2018-2019
IN,79.6,85.1,2019-04-01,2019-06-30,2018,2018-2019
KS,70,79.3,2019-04-01,2019-06-30,2018,2018-2019
KY,82.1,91.3,2019-04-01,2019-06-30,2018,2018-2019
LA,86.7,92.9,2019-04-01,2019-06-30,2018,2018-2019
MA,63.3,80.9,2019-04-01,2019-06-30,2018,2018-2019
MD,81.6,85.1,2019-04-01,2019-06-30,2018,2018-2019
ME,90,92,2019-04-01,2019-06-30,2018,2018-2019
MI,89.1,91.5,2019-04-01,2019-06-30,2018,2018-2019
MN,80,93.5,2019-04-01,2019-06-30,2018,2018-2019
MO,76,88.1,2019-04-01,2019-06-30,2018,2018-2019
MS,93.3,96.6,2019-04-01,2019-06-30,2018,2018-2019
MT,80,82.8,2019-04-01,2019-06-30,2018,2018-2019
NC,82.1,88.9,2019-04-01,2019-06-30,2018,2018-2019
ND,93.3,100,2019-04-01,2019-06-30,2018,2018-2019
NE,90,82.8,2019-04-01,2019-06-30,2018,2018-2019
NH,93.3,71,2019-04-01,2019-06-30,2018,2018-2019
NJ,56.3,65.9,2019-04-01,2019-06-30,2018,2018-2019
NM,55.2,83.3,2019-04-01,2019-06-30,2018,2018-2019
NV,86.7,90,2019-04-01,2019-06-30,2018,2018-2019
NY,77.6,82.6,2019-04-01,2019-06-30,2018,2018-2019
OH,82,60.9,2019-04-01,2019-06-30,2018,2018-2019
OK,100,92.9,2019-04-01,2019-06-30,2018,2018-2019
OR,71.4,84.8,2019-04-01,2019-06-30,2018,2018-2019
PA,56,85.7,2019-04-01,2019-06-30,2018,2018-2019
PR,36.7,80,2019-04-01,2019-06-30,2018,2018-2019
RI,69,79.3,2019-04-01,2019-06-30,2018,2018-2019
SC,70.8,93.2,2019-04-01,2019-06-30,2018,2018-2019
SD,86.7,93.3,2019-04-01,2019-06-30,2018,2018-2019
TN,60,70.8,2019-04-01,2019-06-30,2018,2018-2019
TX,89.8,95.7,2019-04-01,2019-06-30,2018,2018-2019
US,76.5,85.7,2019-04-01,2019-06-30,2018,2018-2019
UT,98,92,2019-04-01,2019-06-30,2018,2018-2019
VA,51.7,96.6,2019-04-01,2019-06-30,2018,2018-2019
VI,,,2019-04-01,2019-06-30,2018,2018-2019
VT,90,66.7,2019-04-01,2019-06-30,2018,2018-2019
WA,90,80.9,2019-04-01,2019-06-30,2018,2018-2019
WI,75,91.8,2019-04-01,2019-06-30,2018,2018-2019
WV,76.7,96.4,2019-04-01,2019-06-30,2018,2018-2019
WY,93.1,66.7,2019-04-01,2019-06-30,2018,2018-2019
AK,80,91.7,2019-07-01,2019-09-30,2019,2019-2020
AL,80,88.9,2019-07-01,2019-09-30,2019,2019-2020
AR,82.8,90,2019-07-01,2019-09-30,2019,2019-2020
AZ,67.4,69.8,2019-07-01,2019-09-30,2019,2019-2020
CA,85.1,90.2,2019-07-01,2019-09-30,2019,2019-2020
CO,91.8,85.7,2019-07-01,2019-09-30,2019,2019-2020
CT,66.7,86.2,2019-07-01,2019-09-30,2019,2019-2020
DC,73.3,85.3,2019-07-01,2019-09-30,2019,2019-2020
DE,76.7,86.2,2019-07-01,2019-09-30,2019,2019-2020
FL,35.4,71.7,2019-07-01,2019-09-30,2019,2019-2020
GA,61.2,59.2,2019-07-01,2019-09-30,2019,2019-2020
HI,76.7,96.3,2019-07-01,2019-09-30,2019,2019-2020
IA,80,79.3,2019-07-01,2019-09-30,2019,2019-2020
ID,89.3,92.6,2019-07-01,2019-09-30,2019,2019-2020
IL,68.1,83.7,2019-07-01,2019-09-30,2019,2019-2020
IN,71.4,86.4,2019-07-01,2019-09-30,2019,2019-2020
KS,82.8,80,2019-07-01,2019-09-30,2019,2019-2020
KY,55.2,74.1,2019-07-01,2019-09-30,2019,2019-2020
LA,86.7,85.2,2019-07-01,2019-09-30,2019,2019-2020
MA,65.3,89.8,2019-07-01,2019-09-30,2019,2019-2020
MD,82,91.5,2019-07-01,2019-09-30,2019,2019-2020
ME,65.5,65.4,2019-07-01,2019-09-30,2019,2019-2020
MI,85.7,97.6,2019-07-01,2019-09-30,2019,2019-2020
MN,83.3,97.8,2019-07-01,2019-09-30,2019,2019-2020
MO,84,91.1,2019-07-01,2019-09-30,2019,2019-2020
MS,93.1,100,2019-07-01,2019-09-30,2019,2019-2020
MT,86.7,79.3,2019-07-01,2019-09-30,2019,2019-2020
NC,86.7,85.2,2019-07-01,2019-09-30,2019,2019-2020
ND,93.3,100,2019-07-01,2019-09-30,2019,2019-2020
NE,93.3,96.7,2019-07-01,2019-09-30,2019,2019-2020
NH,80,96.7,2019-07-01,2019-09-30,2019,2019-2020
NJ,45.8,75,2019-07-01,2019-09-30,2019,2019-2020
NM,33.3,86.2,2019-07-01,2019-09-30,2019,2019-2020
NV,96.7,96.7,2019-07-01,2019-09-30,2019,2019-2020
NY,78,81.8,2019-07-01,2019-09-30,2019,2019-2020
OH,85.7,70.2,2019-07-01,2019-09-30,2019,2019-2020
OK,93.1,100,2019-07-01,2019-09-30,2019,2019-2020
OR,70,83.7,2019-07-01,2019-09-30,2019,2019-2020
PA,55.3,79.6,2019-07-01,2019-09-30,2019,2019-2020
PR,46.7,77.8,2019-07-01,2019-09-30,2019,2019-2020
RI,90,96.7,2019-07-01,2019-09-30,2019,2019-2020
SC,77.6,97.6,2019-07-01,2019-09-30,2019,2019-2020
SD,90,83.3,2019-07-01,2019-09-30,2019,2019-2020
TN,66.7,60.9,2019-07-01,2019-09-30,2019,2019-2020
TX,86,89.6,2019-07-01,2019-09-30,2019,2019-2020
US,76,86.6,2019-07-01,2019-09-30,2019,2019-2020
UT,98,95.8,2019-07-01,2019-09-30,2019,2019-2020
VA,50,83.3,2019-07-01,2019-09-30,2019,2019-2020
VI,,,2019-07-01,2019-09-30,2019,2019-2020
VT,66.7,78.6,2019-07-01,2019-09-30,2019,2019-2020
WA,84,88.4,2019-07-01,2019-09-30,2019,2019-2020
WI,75.5,85.1,2019-07-01,2019-09-30,2019,2019-2020
WV,80,96.7,2019-07-01,2019-09-30,2019,2019-2020
WY,93.3,100,2019-07-01,2019-09-30,2019,2019-2020
AK,86.7,90.5,2019-10-01,2019-12-31,2019,2019-2020
AL,76.7,93.1,2019-10-01,2019-12-31,2019,2019-2020
AR,83.9,89.7,2019-10-01,2019-12-31,2019,2019-2020
AZ,68.1,69.6,2019-10-01,2019-12-31,2019,2019-2020
CA,79.2,86.8,2019-10-01,2019-12-31,2019,2019-2020
CO,91.7,79.6,2019-10-01,2019-12-31,2019,2019-2020
CT,63.3,93.6,2019-10-01,2019-12-31,2019,2019-2020
DC,80,88,2019-10-01,2019-12-31,2019,2019-2020
DE,82.8,80,2019-10-01,2019-12-31,2019,2019-2020
FL,32.7,76.6,2019-10-01,2019-12-31,2019,2019-2020
GA,66,64.6,2019-10-01,2019-12-31,2019,2019-2020
HI,90,96.7,2019-10-01,2019-12-31,2019,2019-2020
IA,58.6,83.9,2019-10-01,2019-12-31,2019,2019-2020
ID,100,92.3,2019-10-01,2019-12-31,2019,2019-2020
IL,85.7,90.7,2019-10-01,2019-12-31,2019,2019-2020
IN,67.4,85.4,2019-10-01,2019-12-31,2019,2019-2020
KS,83.3,80,2019-10-01,2019-12-31,2019,2019-2020
KY,70,72.4,2019-10-01,2019-12-31,2019,2019-2020
LA,80,93.1,2019-10-01,2019-12-31,2019,2019-2020
MA,59.2,72,2019-10-01,2019-12-31,2019,2019-2020
MD,87.2,98,2019-10-01,2019-12-31,2019,2019-2020
ME,96.7,86.7,2019-10-01,2019-12-31,2019,2019-2020
MI,85.7,97,2019-10-01,2019-12-31,2019,2019-2020
MN,84,90.9,2019-10-01,2019-12-31,2019,2019-2020
MO,81.6,97.8,2019-10-01,2019-12-31,2019,2019-2020
MS,92.9,100,2019-10-01,2019-12-31,2019,2019-2020
MT,86.2,92.9,2019-10-01,2019-12-31,2019,2019-2020
NC,86.7,80.8,2019-10-01,2019-12-31,2019,2019-2020
ND,93.1,100,2019-10-01,2019-12-31,2019,2019-2020
NE,65.5,90,2019-10-01,2019-12-31,2019,2019-2020
NH,89.3,79.3,2019-10-01,2019-12-31,2019,2019-2020
NJ,55.1,72.9,2019-10-01,2019-12-31,2019,2019-2020
NM,63.3,69,2019-10-01,2019-12-31,2019,2019-2020
NV,93.1,96.7,2019-10-01,2019-12-31,2019,2019-2020
NY,91.7,87.2,2019-10-01,2019-12-31,2019,2019-2020
OH,73.5,81.8,2019-10-01,2019-12-31,2019,2019-2020
OK,90,100,2019-10-01,2019-12-31,2019,2019-2020
OR,82,95.7,2019-10-01,2019-12-31,2019,2019-2020
PA,62.5,93.2,2019-10-01,2019-12-31,2019,2019-2020
PR,33.3,82.8,2019-10-01,2019-12-31,2019,2019-2020
RI,75.9,96.6,2019-10-01,2019-12-31,2019,2019-2020
SC,75.5,97.6,2019-10-01,2019-12-31,2019,2019-2020
SD,93.3,86.7,2019-10-01,2019-12-31,2019,2019-2020
TN,46.7,66.7,2019-10-01,2019-12-31,2019,2019-2020
TX,90,98,2019-10-01,2019-12-31,2019,2019-2020
US,76.8,88.8,2019-10-01,2019-12-31,2019,2019-2020
UT,100,93.9,2019-10-01,2019-12-31,2019,2019-2020
VA,56.7,86.7,2019-10-01,2019-12-31,2019,2019-2020
VI,,,2019-10-01,2019-12-31,2019,2019-2020
VT,60,75,2019-10-01,2019-12-31,2019,2019-2020
WA,75.5,93.6,2019-10-01,2019-12-31,2019,2019-2020
WI,75,81.3,2019-10-01,2019-12-31,2019,2019-2020
WV,93.3,96.7,2019-10-01,2019-12-31,2019,2019-2020
WY,90,93.3,2019-10-01,2019-12-31,2019,2019-2020
AK,,,2020-01-01,2020-03-31,2019,2019-2020
AL,,,2020-01-01,2020-03-31,2019,2019-2020
AR,,,2020-01-01,2020-03-31,2019,2019-2020
AZ,,,2020-01-01,2020-03-31,2019,2019-2020
CA,,,2020-01-01,2020-03-31,2019,2019-2020
CO,,,2020-01-01,2020-03-31,2019,2019-2020
CT,,,2020-01-01,2020-03-31,2019,2019-2020
DC,,,2020-01-01,2020-03-31,2019,2019-2020
DE,,,2020-01-01,2020-03-31,2019,2019-2020
FL,38,72.1,2020-01-01,2020-03-31,2019,2019-2020
GA,,,2020-01-01,2020-03-31,2019,2019-2020
HI,,,2020-01-01,2020-03-31,2019,2019-2020
IA,,,2020-01-01,2020-03-31,2019,2019-2020
ID,,,2020-01-01,2020-03-31,2019,2019-2020
IL,,,2020-01-01,2020-03-31,2019,2019-2020
IN,64.6,88,2020-01-01,2020-03-31,2019,2019-2020
KS,,,2020-01-01,2020-03-31,2019,2019-2020
KY,,,2020-01-01,2020-03-31,2019,2019-2020
LA,,,2020-01-01,2020-03-31,2019,2019-2020
MA,,,2020-01-01,2020-03-31,2019,2019-2020
MD,,,2020-01-01,2020-03-31,2019,2019-2020
ME,,,2020-01-01,2020-03-31,2019,2019-2020
MI,,,2020-01-01,2020-03-31,2019,2019-2020
MN,,,2020-01-01,2020-03-31,2019,2019-2020
MO,,,2020-01-01,2020-03-31,2019,2019-2020
MS,,,2020-01-01,2020-03-31,2019,2019-2020
MT,,,2020-01-01,2020-03-31,2019,2019-2020
NC,,,2020-01-01,2020-03-31,2019,2019-2020
ND,,,2020-01-01,2020-03-31,2019,2019-2020
NE,,,2020-01-01,2020-03-31,2019,2019-2020
NH,,,2020-01-01,2020-03-31,2019,2019-2020
NJ,,,2020-01-01,2020-03-31,2019,2019-2020
NM,,,2020-01-01,2020-03-31,2019,2019-2020
NV,,,2020-01-01,2020-03-31,2019,2019-2020
NY,82.4,87.5,2020-01-01,2020-03-31,2019,2019-2020
OH,,,2020-01-01,2020-03-31,2019,2019-2020
OK,,,2020-01-01,2020-03-31,2019,2019-2020
OR,,,2020-01-01,2020-03-31,2019,2019-2020
PA,84,83.3,2020-01-01,2020-03-31,2019,2019-2020
PR,,,2020-01-01,2020-03-31,2019,2019-2020
RI,,,2020-01-01,2020-03-31,2019,2019-2020
SC,,,2020-01-01,2020-03-31,2019,2019-2020
SD,,,2020-01-01,2020-03-31,2019,2019-2020
TN,,,2020-01-01,2020-03-31,2019,2019-2020
TX,,,2020-01-01,2020-03-31,2019,2019-2020
US,72,84.8,2020-01-01,2020-03-31,2019,2019-2020
UT,,,2020-01-01,2020-03-31,2019,2019-2020
VA,,,2020-01-01,2020-03-31,2019,2019-2020
VI,,,2020-01-01,2020-03-31,2019,2019-2020
VT,,,2020-01-01,2020-03-31,2019,2019-2020
WA,,,2020-01-01,2020-03-31,2019,2019-2020
WI,,,2020-01-01,2020-03-31,2019,2019-2020
WV,,,2020-01-01,2020-03-31,2019,2019-2020
WY,,,2020-01-01,2020-03-31,2019,2019-2020
AK,,,2020-04-01,2020-06-30,2019,2019-2020
AL,,,2020-04-01,2020-06-30,2019,2019-2020
AR,,,2020-04-01,2020-06-30,2019,2019-2020
AZ,,,2020-04-01,2020-06-30,2019,2019-2020
CA,,,2020-04-01,2020-06-30,2019,2019-2020
CO,,,2020-04-01,2020-06-30,2019,2019-2020
CT,,,2020-04-01,2020-06-30,2019,2019-2020
DC,,,2020-04-01,2020-06-30,2019,2019-2020
DE,,,2020-04-01,2020-06-30,2019,2019-2020
FL,,,2020-04-01,2020-06-30,2019,2019-2020
GA,,,2020-04-01,2020-06-30,2019,2019-2020
HI,,,2020-04-01,2020-06-30,2019,2019-2020
IA,,,2020-04-01,2020-06-30,2019,2019-2020
ID,,,2020-04-01,2020-06-30,2019,2019-2020
IL,93.8,81.6,2020-04-01,2020-06-30,2019,2019-2020
IN,15.2,44.9,2020-04-01,2020-06-30,2019,2019-2020
KS,,,2020-04-01,2020-06-30,2019,2019-2020
KY,,,2020-04-01,2020-06-30,2019,2019-2020
LA,,,2020-04-01,2020-06-30,2019,2019-2020
MA,,,2020-04-01,2020-06-30,2019,2019-2020
MD,,,2020-04-01,2020-06-30,2019,2019-2020
ME,,,2020-04-01,2020-06-30,2019,2019-2020
MI,,,2020-04-01,2020-06-30,2019,2019-2020
MN,,,2020-04-01,2020-06-30,2019,2019-2020
MO,,,2020-04-01,2020-06-30,2019,2019-2020
MS,,,2020-04-01,2020-06-30,2019,2019-2020
MT,,,2020-04-01,2020-06-30,2019,2019-2020
NC,,,2020-04-01,2020-06-30,2019,2019-2020
ND,,,2020-04-01,2020-06-30,2019,2019-2020
NE,,,2020-04-01,2020-06-30,2019,2019-2020
NH,,,2020-04-01,2020-06-30,2019,2019-2020
NJ,,,2020-04-01,2020-06-30,2019,2019-2020
NM,,,2020-04-01,2020-06-30,2019,2019-2020
NV,,,2020-04-01,2020-06-30,2019,2019-2020
NY,,,2020-04-01,2020-06-30,2019,2019-2020
OH,,,2020-04-01,2020-06-30,2019,2019-2020
OK,,,2020-04-01,2020-06-30,2019,2019-2020
OR,,,2020-04-01,2020-06-30,2019,2019-2020
PA,,,2020-04-01,2020-06-30,2019,2019-2020
PR,,,2020-04-01,2020-06-30,2019,2019-2020
RI,,,2020-04-01,2020-06-30,2019,2019-2020
SC,,,2020-04-01,2020-06-30,2019,2019-2020
SD,,,2020-04-01,2020-06-30,2019,2019-2020
TN,,,2020-04-01,2020-06-30,2019,2019-2020
TX,,,2020-04-01,2020-06-30,2019,2019-2020
US,62.8,55.9,2020-04-01,2020-06-30,2019,2019-2020
UT,,,2020-04-01,2020-06-30,2019,2019-2020
VA,,,2020-04-01,2020-06-30,2019,2019-2020
VI,,,2020-04-01,2020-06-30,2019,2019-2020
VT,,,2020-04-01,2020-06-30,2019,2019-2020
WA,,,2020-04-01,2020-06-30,2019,2019-2020
WI,,,2020-04-01,2020-06-30,2019,2019-2020
WV,,,2020-04-01,2020-06-30,2019,2019-2020
WY,,,2020-04-01,2020-06-30,2019,2019-2020
AK,90,89.3,2020-07-01,2020-09-30,2020,2020-2021
AL,60,76.7,2020-07-01,2020-09-30,2020,2020-2021
AR,70,75.9,2020-07-01,2020-09-30,2020,2020-2021
AZ,42.2,42.9,2020-07-01,2020-09-30,2020,2020-2021
CA,77.8,91.3,2020-07-01,2020-09-30,2020,2020-2021
CO,71.1,59.3,2020-07-01,2020-09-30,2020,2020-2021
CT,73.3,100,2020-07-01,2020-09-30,2020,2020-2021
DC,72.4,86.2,2020-07-01,2020-09-30,2020,2020-2021
DE,86.2,63,2020-07-01,2020-09-30,2020,2020-2021
FL,33.3,43.5,2020-07-01,2020-09-30,2020,2020-2021
GA,58,47.9,2020-07-01,2020-09-30,2020,2020-2021
HI,96.7,96.7,2020-07-01,2020-09-30,2020,2020-2021
IA,,,2020-07-01,2020-09-30,2020,2020-2021
ID,53.3,68,2020-07-01,2020-09-30,2020,2020-2021
IL,90,89.1,2020-07-01,2020-09-30,2020,2020-2021
IN,28.3,19.6,2020-07-01,2020-09-30,2020,2020-2021
KS,41.4,93.1,2020-07-01,2020-09-30,2020,2020-2021
KY,63,50,2020-07-01,2020-09-30,2020,2020-2021
LA,60,76.7,2020-07-01,2020-09-30,2020,2020-2021
MA,41.7,54.4,2020-07-01,2020-09-30,2020,2020-2021
MD,58.3,70,2020-07-01,2020-09-30,2020,2020-2021
ME,43.3,73.3,2020-07-01,2020-09-30,2020,2020-2021
MI,50,38.6,2020-07-01,2020-09-30,2020,2020-2021
MN,93.8,87.8,2020-07-01,2020-09-30,2020,2020-2021
MO,80,91.3,2020-07-01,2020-09-30,2020,2020-2021
MS,83.3,100,2020-07-01,2020-09-30,2020,2020-2021
MT,79.3,82.8,2020-07-01,2020-09-30,2020,2020-2021
NC,65.2,51.1,2020-07-01,2020-09-30,2020,2020-2021
ND,,,2020-07-01,2020-09-30,2020,2020-2021
NE,66.7,85.7,2020-07-01,2020-09-30,2020,2020-2021
NH,25.9,62.1,2020-07-01,2020-09-30,2020,2020-2021
NJ,38.8,85.4,2020-07-01,2020-09-30,2020,2020-2021
NM,43.3,80,2020-07-01,2020-09-30,2020,2020-2021
NV,90,89.7,2020-07-01,2020-09-30,2020,2020-2021
NY,63.8,68.8,2020-07-01,2020-09-30,2020,2020-2021
OH,56,62.8,2020-07-01,2020-09-30,2020,2020-2021
OK,90,85.7,2020-07-01,2020-09-30,2020,2020-2021
OR,67.9,88,2020-07-01,2020-09-30,2020,2020-2021
PA,50,65.2,2020-07-01,2020-09-30,2020,2020-2021
PR,42.3,43.8,2020-07-01,2020-09-30,2020,2020-2021
RI,48.2,93.3,2020-07-01,2020-09-30,2020,2020-2021
SC,27.1,51.7,2020-07-01,2020-09-30,2020,2020-2021
SD,82.8,85.7,2020-07-01,2020-09-30,2020,2020-2021
TN,47.1,50,2020-07-01,2020-09-30,2020,2020-2021
TX,64.6,56,2020-07-01,2020-09-30,2020,2020-2021
US,62.2,74.4,2020-07-01,2020-09-30,2020,2020-2021
UT,76,92,2020-07-01,2020-09-30,2020,2020-2021
VA,60.7,70,2020-07-01,2020-09-30,2020,2020-2021
VI,,,2020-07-01,2020-09-30,2020,2020-2021
VT,39.3,42.9,2020-07-01,2020-09-30,2020,2020-2021
WA,42.6,65.4,2020-07-01,2020-09-30,2020,2020-2021
WI,75.5,50,2020-07-01,2020-09-30,2020,2020-2021
WV,80,77.8,2020-07-01,2020-09-30,2020,2020-2021
WY,71.4,90,2020-07-01,2020-09-30,2020,2020-2021
AK,,,2020-10-01,2020-12-31,2020,2020-2021
AL,56.7,80,2020-10-01,2020-12-31,2020,2020-2021
AR,72.4,64.5,2020-10-01,2020-12-31,2020,2020-2021
AZ,,,2020-10-01,2020-12-31,2020,2020-2021
CA,,,2020-10-01,2020-12-31,2020,2020-2021
CO,,,2020-10-01,2020-12-31,2020,2020-2021
CT,93.3,96.6,2020-10-01,2020-12-31,2020,2020-2021
DC,,,2020-10-01,2020-12-31,2020,2020-2021
DE,57.1,62.5,2020-10-01,2020-12-31,2020,2020-2021
FL,,,2020-10-01,2020-12-31,2020,2020-2021
GA,52,62,2020-10-01,2020-12-31,2020,2020-2021
HI,,,2020-10-01,2020-12-31,2020,2020-2021
IA,44.8,50,2020-10-01,2020-12-31,2020,2020-2021
ID,,,2020-10-01,2020-12-31,2020,2020-2021
IL,90,100,2020-10-01,2020-12-31,2020,2020-2021
IN,,,2020-10-01,2020-12-31,2020,2020-2021
KS,66.7,92.6,2020-10-01,2020-12-31,2020,2020-2021
KY,55.2,53.9,2020-10-01,2020-12-31,2020,2020-2021
LA,,,2020-10-01,2020-12-31,2020,2020-2021
MA,,,2020-10-01,2020-12-31,2020,2020-2021
MD,,,2020-10-01,2020-12-31,2020,2020-2021
ME,53.3,60.7,2020-10-01,2020-12-31,2020,2020-2021
MI,81.8,82.2,2020-10-01,2020-12-31,2020,2020-2021
MN,85.4,91.5,2020-10-01,2020-12-31,2020,2020-2021
MO,,,2020-10-01,2020-12-31,2020,2020-2021
MS,,,2020-10-01,2020-12-31,2020,2020-2021
MT,,,2020-10-01,2020-12-31,2020,2020-2021
NC,,,2020-10-01,2020-12-31,2020,2020-2021
ND,100,100,2020-10-01,2020-12-31,2020,2020-2021
NE,73.7,70.4,2020-10-01,2020-12-31,2020,2020-2021
NH,,,2020-10-01,2020-12-31,2020,2020-2021
NJ,46.9,89.1,2020-10-01,2020-12-31,2020,2020-2021
NM,43.3,80,2020-10-01,2020-12-31,2020,2020-2021
NV,86.2,75.9,2020-10-01,2020-12-31,2020,2020-2021
NY,77.1,70.5,2020-10-01,2020-12-31,2020,2020-2021
OH,56,67.4,2020-10-01,2020-12-31,2020,2020-2021
OK,90,93.1,2020-10-01,2020-12-31,2020,2020-2021
OR,,,2020-10-01,2020-12-31,2020,2020-2021
PA,,,2020-10-01,2020-12-31,2020,2020-2021
PR,,,2020-10-01,2020-12-31,2020,2020-2021
RI,69,90,2020-10-01,2020-12-31,2020,2020-2021
SC,,,2020-10-01,2020-12-31,2020,2020-2021
SD,,,2020-10-01,2020-12-31,2020,2020-2021
TN,48.3,64,2020-10-01,2020-12-31,2020,2020-2021
TX,,,2020-10-01,2020-12-31,2020,2020-2021
US,67.1,76.5,2020-10-01,2020-12-31,2020,2020-2021
UT,,,2020-10-01,2020-12-31,2020,2020-2021
VA,63.3,92.3,2020-10-01,2020-12-31,2020,2020-2021
VI,,,2020-10-01,2020-12-31,2020,2020-2021
VT,17.2,20.7,2020-10-01,2020-12-31,2020,2020-2021
WA,,,2020-10-01,2020-12-31,2020,2020-2021
WI,,,2020-10-01,2020-12-31,2020,2020-2021
WV,,,2020-10-01,2020-12-31,2020,2020-2021
WY,88.9,86.2,2020-10-01,2020-12-31,2020,2020-2021
AK,90,100,2021-01-01,2021-03-31,2020,2020-2021
AL,,,2021-01-01,2021-03-31,2020,2020-2021
AR,63.3,75,2021-01-01,2021-03-31,2020,2020-2021
AZ,22.9,48.2,2021-01-01,2021-03-31,2020,2020-2021
CA,85.1,100,2021-01-01,2021-03-31,2020,2020-2021
CO,52.3,47.2,2021-01-01,2021-03-31,2020,2020-2021
CT,83.3,100,2021-01-01,2021-03-31,2020,2020-2021
DC,66.7,74.2,2021-01-01,2021-03-31,2020,2020-2021
DE,,,2021-01-01,2021-03-31,2020,2020-2021
FL,35.1,52.6,2021-01-01,2021-03-31,2020,2020-2021
GA,,,2021-01-01,2021-03-31,2020,2020-2021
HI,79.3,83.3,2021-01-01,2021-03-31,2020,2020-2021
IA,29.2,8.3,2021-01-01,2021-03-31,2020,2020-2021
ID,40,83.3,2021-01-01,2021-03-31,2020,2020-2021
IL,88,89.4,2021-01-01,2021-03-31,2020,2020-2021
IN,,,2021-01-01,2021-03-31,2020,2020-2021
KS,46,91.1,2021-01-01,2021-03-31,2020,2020-2021
KY,,,2021-01-01,2021-03-31,2020,2020-2021
LA,62.5,91.5,2021-01-01,2021-03-31,2020,2020-2021
MA,50,42.6,2021-01-01,2021-03-31,2020,2020-2021
MD,43.8,37.8,2021-01-01,2021-03-31,2020,2020-2021
ME,79.3,65,2021-01-01,2021-03-31,2020,2020-2021
MI,76.5,79.6,2021-01-01,2021-03-31,2020,2020-2021
MN,,,2021-01-01,2021-03-31,2020,2020-2021
MO,59.2,85.7,2021-01-01,2021-03-31,2020,2020-2021
MS,70.8,89.4,2021-01-01,2021-03-31,2020,2020-2021
MT,58.6,84.6,2021-01-01,2021-03-31,2020,2020-2021
NC,74.5,70.5,2021-01-01,2021-03-31,2020,2020-2021
ND,96.6,100,2021-01-01,2021-03-31,2020,2020-2021
NE,,,2021-01-01,2021-03-31,2020,2020-2021
NH,51.6,66.7,2021-01-01,2021-03-31,2020,2020-2021
NJ,,,2021-01-01,2021-03-31,2020,2020-2021
NM,,,2021-01-01,2021-03-31,2020,2020-2021
NV,,,2021-01-01,2021-03-31,2020,2020-2021
NY,75,83.7,2021-01-01,2021-03-31,2020,2020-2021
OH,,,2021-01-01,2021-03-31,2020,2020-2021
OK,56.7,100,2021-01-01,2021-03-31,2020,2020-2021
OR,22.5,70.5,2021-01-01,2021-03-31,2020,2020-2021
PA,45.8,45.8,2021-01-01,2021-03-31,2020,2020-2021
PR,58.6,21.7,2021-01-01,2021-03-31,2020,2020-2021
RI,48.3,93.3,2021-01-01,2021-03-31,2020,2020-2021
SC,40,92.1,2021-01-01,2021-03-31,2020,2020-2021
SD,90,83.3,2021-01-01,2021-03-31,2020,2020-2021
TN,,,2021-01-01,2021-03-31,2020,2020-2021
TX,65.3,88,2021-01-01,2021-03-31,2020,2020-2021
US,60,83.6,2021-01-01,2021-03-31,2020,2020-2021
UT,80.9,84.1,2021-01-01,2021-03-31,2020,2020-2021
VA,53.3,89.3,2021-01-01,2021-03-31,2020,2020-2021
VI,,,2021-01-01,2021-03-31,2020,2020-2021
VT,21.4,37.5,2021-01-01,2021-03-31,2020,2020-2021
WI,51.1,84.8,2021-01-01,2021-03-31,2020,2020-2021
WV,70,70,2021-01-01,2021-03-31,2020,2020-2021
WY,79.3,100,2021-01-01,2021-03-31,2020,2020-2021
AK,83.3,89.3,2021-04-01,2021-06-30,2020,2020-2021
AL,46,66,2021-04-01,2021-06-30,2020,2020-2021
AR,79.3,86.2,2021-04-01,2021-06-30,2020,2020-2021
AZ,20.9,53.6,2021-04-01,2021-06-30,2020,2020-2021
CA,70.2,74.1,2021-04-01,2021-06-30,2020,2020-2021
CO,32.4,41.9,2021-04-01,2021-06-30,2020,2020-2021
CT,90,100,2021-04-01,2021-06-30,2020,2020-2021
DC,61.3,53.6,2021-04-01,2021-06-30,2020,2020-2021
DE,23.3,15,2021-04-01,2021-06-30,2020,2020-2021
FL,38.5,25,2021-04-01,2021-06-30,2020,2020-2021
GA,74,49,2021-04-01,2021-06-30,2020,2020-2021
HI,81.5,75,2021-04-01,2021-06-30,2020,2020-2021
IA,31.6,55.6,2021-04-01,2021-06-30,2020,2020-2021
ID,28,85.4,2021-04-01,2021-06-30,2020,2020-2021
IL,92,88.6,2021-04-01,2021-06-30,2020,2020-2021
IN,,,2021-04-01,2021-06-30,2020,2020-2021
KS,71.4,82.9,2021-04-01,2021-06-30,2020,2020-2021
KY,53.3,60.7,2021-04-01,2021-06-30,2020,2020-2021
LA,36.2,70.7,2021-04-01,2021-06-30,2020,2020-2021
MA,66.7,54.4,2021-04-01,2021-06-30,2020,2020-2021
MD,55.6,68.9,2021-04-01,2021-06-30,2020,2020-2021
ME,58.6,76.9,2021-04-01,2021-06-30,2020,2020-2021
MI,73.7,80.9,2021-04-01,2021-06-30,2020,2020-2021
MN,79.6,84,2021-04-01,2021-06-30,2020,2020-2021
MO,65.3,84.8,2021-04-01,2021-06-30,2020,2020-2021
MS,72.9,91.3,2021-04-01,2021-06-30,2020,2020-2021
MT,89.7,82.1,2021-04-01,2021-06-30,2020,2020-2021
NC,76,81,2021-04-01,2021-06-30,2020,2020-2021
ND,93.3,93.1,2021-04-01,2021-06-30,2020,2020-2021
NE,42.3,66.7,2021-04-01,2021-06-30,2020,2020-2021
NH,53.6,67.7,2021-04-01,2021-06-30,2020,2020-2021
NJ,45.8,84.1,2021-04-01,2021-06-30,2020,2020-2021
NM,63.3,88.9,2021-04-01,2021-06-30,2020,2020-2021
NV,93.3,60.4,2021-04-01,2021-06-30,2020,2020-2021
NY,62.8,64.9,2021-04-01,2021-06-30,2020,2020-2021
OH,43.5,70,2021-04-01,2021-06-30,2020,2020-2021
OK,60,100,2021-04-01,2021-06-30,2020,2020-2021
OR,41.7,70.7,2021-04-01,2021-06-30,2020,2020-2021
PA,34,39,2021-04-01,2021-06-30,2020,2020-2021
PR,33.3,53.3,2021-04-01,2021-06-30,2020,2020-2021
RI,80,83.3,2021-04-01,2021-06-30,2020,2020-2021
SC,42.9,100,2021-04-01,2021-06-30,2020,2020-2021
SD,83.3,96.7,2021-04-01,2021-06-30,2020,2020-2021
TN,44.7,60.5,2021-04-01,2021-06-30,2020,2020-2021
TX,71.4,91.8,2021-04-01,2021-06-30,2020,2020-2021
US,61.6,81.2,2021-04-01,2021-06-30,2020,2020-2021
UT,82.6,89.8,2021-04-01,2021-06-30,2020,2020-2021
VA,24.1,86.2,2021-04-01,2021-06-30,2020,2020-2021
VI,,,2021-04-01,2021-06-30,2020,2020-2021
VT,30,72.4,2021-04-01,2021-06-30,2020,2020-2021
WA,58.3,76.7,2021-04-01,2021-06-30,2020,2020-2021
WI,54.4,87.2,2021-04-01,2021-06-30,2020,2020-2021
WV,83.3,79.3,2021-04-01,2021-06-30,2020,2020-2021
WY,80,100,2021-04-01,2021-06-30,2020,2020-2021
AK,86.7,75,2021-07-01,2021-09-30,2021,2021-2022
AL,44,52,2021-07-01,2021-09-30,2021,2021-2022
AR,65.5,82.1,2021-07-01,2021-09-30,2021,2021-2022
AZ,22.2,44.4,2021-07-01,2021-09-30,2021,2021-2022
CA,62.5,75,2021-07-01,2021-09-30,2021,2021-2022
CO,46.7,61.9,2021-07-01,2021-09-30,2021,2021-2022
CT,80,96.8,2021-07-01,2021-09-30,2021,2021-2022
DC,62.1,66.7,2021-07-01,2021-09-30,2021,2021-2022
DE,60.9,31.6,2021-07-01,2021-09-30,2021,2021-2022
FL,40.7,45,2021-07-01,2021-09-30,2021,2021-2022
GA,72,52.2,2021-07-01,2021-09-30,2021,2021-2022
HI,71.4,88.9,2021-07-01,2021-09-30,2021,2021-2022
IA,51.7,51.9,2021-07-01,2021-09-30,2021,2021-2022
ID,41.7,90.7,2021-07-01,2021-09-30,2021,2021-2022
IL,87.2,97.8,2021-07-01,2021-09-30,2021,2021-2022
IN,43.8,50,2021-07-01,2021-09-30,2021,2021-2022
KS,52.1,57.7,2021-07-01,2021-09-30,2021,2021-2022
KY,60,22.2,2021-07-01,2021-09-30,2021,2021-2022
LA,,,2021-07-01,2021-09-30,2021,2021-2022
MA,46.7,63,2021-07-01,2021-09-30,2021,2021-2022
MD,49,59.1,2021-07-01,2021-09-30,2021,2021-2022
ME,50,56,2021-07-01,2021-09-30,2021,2021-2022
MI,76.3,90.5,2021-07-01,2021-09-30,2021,2021-2022
MN,77.1,95.8,2021-07-01,2021-09-30,2021,2021-2022
MO,72,93.8,2021-07-01,2021-09-30,2021,2021-2022
MS,70.8,84.3,2021-07-01,2021-09-30,2021,2021-2022
MT,69,79.3,2021-07-01,2021-09-30,2021,2021-2022
NC,83.3,77.5,2021-07-01,2021-09-30,2021,2021-2022
ND,96.7,96.6,2021-07-01,2021-09-30,2021,2021-2022
NE,63.1,88.7,2021-07-01,2021-09-30,2021,2021-2022
NH,63.3,86.2,2021-07-01,2021-09-30,2021,2021-2022
NJ,45.8,60.5,2021-07-01,2021-09-30,2021,2021-2022
NM,50,82.8,2021-07-01,2021-09-30,2021,2021-2022
NV,89.1,95.7,2021-07-01,2021-09-30,2021,2021-2022
NY,74,70.4,2021-07-01,2021-09-30,2021,2021-2022
OH,46,57.9,2021-07-01,2021-09-30,2021,2021-2022
OK,75.9,92.9,2021-07-01,2021-09-30,2021,2021-2022
OR,48.9,81.4,2021-07-01,2021-09-30,2021,2021-2022
PA,27.3,53.2,2021-07-01,2021-09-30,2021,2021-2022
PR,54.2,75,2021-07-01,2021-09-30,2021,2021-2022
RI,63.3,67.9,2021-07-01,2021-09-30,2021,2021-2022
SC,48,100,2021-07-01,2021-09-30,2021,2021-2022
SD,93.3,60,2021-07-01,2021-09-30,2021,2021-2022
TN,57.1,48.9,2021-07-01,2021-09-30,2021,2021-2022
TX,58.3,98,2021-07-01,2021-09-30,2021,2021-2022
US,60.3,82.6,2021-07-01,2021-09-30,2021,2021-2022
UT,88.9,89.8,2021-07-01,2021-09-30,2021,2021-2022
VA,25,100,2021-07-01,2021-09-30,2021,2021-2022
VI,,,2021-07-01,2021-09-30,2021,2021-2022
VT,17.2,40,2021-07-01,2021-09-30,2021,2021-2022
WA,59.6,85.7,2021-07-01,2021-09-30,2021,2021-2022
WI,66,86.4,2021-07-01,2021-09-30,2021,2021-2022
WV,96.7,90.3,2021-07-01,2021-09-30,2021,2021-2022
WY,90,90,2021-07-01,2021-09-30,2021,2021-2022
AK,92.9,96,2021-10-01,2021-12-31,2021,2021-2022
AL,20,44,2021-10-01,2021-12-31,2021,2021-2022
AR,70,86.7,2021-10-01,2021-12-31,2021,2021-2022
AZ,6.4,57.7,2021-10-01,2021-12-31,2021,2021-2022
CA,63.8,80.7,2021-10-01,2021-12-31,2021,2021-2022
CO,69.4,68.2,2021-10-01,2021-12-31,2021,2021-2022
CT,79.3,100,2021-10-01,2021-12-31,2021,2021-2022
DC,63.3,44,2021-10-01,2021-12-31,2021,2021-2022
DE,51.5,40.4,2021-10-01,2021-12-31,2021,2021-2022
FL,23.1,40.7,2021-10-01,2021-12-31,2021,2021-2022
GA,73.5,94,2021-10-01,2021-12-31,2021,2021-2022
HI,64,79,2021-10-01,2021-12-31,2021,2021-2022
IA,64.5,56.3,2021-10-01,2021-12-31,2021,2021-2022
ID,84,84.8,2021-10-01,2021-12-31,2021,2021-2022
IL,89.8,93,2021-10-01,2021-12-31,2021,2021-2022
IN,41.3,45.2,2021-10-01,2021-12-31,2021,2021-2022
KS,46,84.1,2021-10-01,2021-12-31,2021,2021-2022
KY,66.7,72.7,2021-10-01,2021-12-31,2021,2021-2022
MA,59.1,68.8,2021-10-01,2021-12-31,2021,2021-2022
MD,15,8.2,2021-10-01,2021-12-31,2021,2021-2022
ME,63.3,67.7,2021-10-01,2021-12-31,2021,2021-2022
MI,58.3,88.6,2021-10-01,2021-12-31,2021,2021-2022
MN,76.6,91.5,2021-10-01,2021-12-31,2021,2021-2022
MO,83.3,95.7,2021-10-01,2021-12-31,2021,2021-2022
MS,85.7,86.3,2021-10-01,2021-12-31,2021,2021-2022
MT,79.3,75,2021-10-01,2021-12-31,2021,2021-2022
NC,80.4,76.3,2021-10-01,2021-12-31,2021,2021-2022
ND,96.6,100,2021-10-01,2021-12-31,2021,2021-2022
NE,60.5,88.6,2021-10-01,2021-12-31,2021,2021-2022
NH,53.3,61.3,2021-10-01,2021-12-31,2021,2021-2022
NJ,51,73.3,2021-10-01,2021-12-31,2021,2021-2022
NM,53.3,86.7,2021-10-01,2021-12-31,2021,2021-2022
NV,91.5,74.4,2021-10-01,2021-12-31,2021,2021-2022
NY,79.2,87.5,2021-10-01,2021-12-31,2021,2021-2022
OH,60,47.5,2021-10-01,2021-12-31,2021,2021-2022
OK,56.7,96.7,2021-10-01,2021-12-31,2021,2021-2022
OR,46.8,71.1,2021-10-01,2021-12-31,2021,2021-2022
PA,26.7,36.6,2021-10-01,2021-12-31,2021,2021-2022
PR,46.9,90,2021-10-01,2021-12-31,2021,2021-2022
RI,66.7,70,2021-10-01,2021-12-31,2021,2021-2022
SC,65.3,83.3,2021-10-01,2021-12-31,2021,2021-2022
SD,89.7,93.3,2021-10-01,2021-12-31,2021,2021-2022
TN,45.7,43.5,2021-10-01,2021-12-31,2021,2021-2022
TX,73.5,93.6,2021-10-01,2021-12-31,2021,2021-2022
US,60.1,59.8,2021-10-01,2021-12-31,2021,2021-2022
UT,89.6,98,2021-10-01,2021-12-31,2021,2021-2022
VA,51.9,100,2021-10-01,2021-12-31,2021,2021-2022
VI,,,2021-10-01,2021-12-31,2021,2021-2022
VT,42.9,51.6,2021-10-01,2021-12-31,2021,2021-2022
WA,52.5,78.1,2021-10-01,2021-12-31,2021,2021-2022
WI,59.6,79.2,2021-10-01,2021-12-31,2021,2021-2022
WV,83.3,93.3,2021-10-01,2021-12-31,2021,2021-2022
WY,96.7,90,2021-10-01,2021-12-31,2021,2021-2022
AK,96.7,92,2022-01-01,2022-03-31,2021,2021-2022
AL,28,34,2022-01-01,2022-03-31,2021,2021-2022
AR,70,65.4,2022-01-01,2022-03-31,2021,2021-2022
AZ,19.6,44.4,2022-01-01,2022-03-31,2021,2021-2022
CA,59.6,83.3,2022-01-01,2022-03-31,2021,2021-2022
CO,75,78.4,2022-01-01,2022-03-31,2021,2021-2022
CT,80.4,100,2022-01-01,2022-03-31,2021,2021-2022
DC,72.4,63.6,2022-01-01,2022-03-31,2021,2021-2022
DE,22.6,30,2022-01-01,2022-03-31,2021,2021-2022
FL,35.7,32.4,2022-01-01,2022-03-31,2021,2021-2022
GA,72,47.9,2022-01-01,2022-03-31,2021,2021-2022
HI,77.8,60.9,2022-01-01,2022-03-31,2021,2021-2022
IA,48.2,57.1,2022-01-01,2022-03-31,2021,2021-2022
ID,75.9,89.3,2022-01-01,2022-03-31,2021,2021-2022
IL,85.7,93,2022-01-01,2022-03-31,2021,2021-2022
IN,44.4,69.8,2022-01-01,2022-03-31,2021,2021-2022
KS,65.5,75.9,2022-01-01,2022-03-31,2021,2021-2022
KY,75.5,78.7,2022-01-01,2022-03-31,2021,2021-2022
LA,60.7,67.9,2022-01-01,2022-03-31,2021,2021-2022
MA,66.7,64.1,2022-01-01,2022-03-31,2021,2021-2022
MD,17.4,4,2022-01-01,2022-03-31,2021,2021-2022
ME,77.5,70.6,2022-01-01,2022-03-31,2021,2021-2022
MI,64.9,90.7,2022-01-01,2022-03-31,2021,2021-2022
MN,81.3,87.5,2022-01-01,2022-03-31,2021,2021-2022
MO,64,91.1,2022-01-01,2022-03-31,2021,2021-2022
MS,76.6,94,2022-01-01,2022-03-31,2021,2021-2022
MT,70,69,2022-01-01,2022-03-31,2021,2021-2022
NC,88,92.5,2022-01-01,2022-03-31,2021,2021-2022
ND,100,100,2022-01-01,2022-03-31,2021,2021-2022
NE,66.7,87.5,2022-01-01,2022-03-31,2021,2021-2022
NH,56.7,53.6,2022-01-01,2022-03-31,2021,2021-2022
NJ,39.6,58.3,2022-01-01,2022-03-31,2021,2021-2022
NM,79.3,82.1,2022-01-01,2022-03-31,2021,2021-2022
NV,71.7,95,2022-01-01,2022-03-31,2021,2021-2022
NY,72.9,82.2,2022-01-01,2022-03-31,2021,2021-2022
OH,78.7,72.7,2022-01-01,2022-03-31,2021,2021-2022
OK,77.1,92,2022-01-01,2022-03-31,2021,2021-2022
OR,37.8,75.6,2022-01-01,2022-03-31,2021,2021-2022
PA,16.7,57.5,2022-01-01,2022-03-31,2021,2021-2022
PR,27.6,77.4,2022-01-01,2022-03-31,2021,2021-2022
RI,58.6,73.3,2022-01-01,2022-03-31,2021,2021-2022
SC,66,88,2022-01-01,2022-03-31,2021,2021-2022
SD,90,75.9,2022-01-01,2022-03-31,2021,2021-2022
TN,22.2,25,2022-01-01,2022-03-31,2021,2021-2022
TX,87.8,90,2022-01-01,2022-03-31,2021,2021-2022
US,62.2,70.3,2022-01-01,2022-03-31,2021,2021-2022
UT,94,97.9,2022-01-01,2022-03-31,2021,2021-2022
VA,57.5,62.5,2022-01-01,2022-03-31,2021,2021-2022
VI,,,2022-01-01,2022-03-31,2021,2021-2022
VT,27.6,35.7,2022-01-01,2022-03-31,2021,2021-2022
WA,40,79.1,2022-01-01,2022-03-31,2021,2021-2022
WI,71.4,89.8,2022-01-01,2022-03-31,2021,2021-2022
WV,70,93.1,2022-01-01,2022-03-31,2021,2021-2022
WY,86.7,90,2022-01-01,2022-03-31,2021,2021-2022
AK,86.2,89.3,2022-04-01,2022-06-30,2021,2021-2022
AL,8,36.7,2022-04-01,2022-06-30,2021,2021-2022
AR,93.3,80,2022-04-01,2022-06-30,2021,2021-2022
AZ,22.7,41.7,2022-04-01,2022-06-30,2021,2021-2022
CA,69.6,89.7,2022-04-01,2022-06-30,2021,2021-2022
CO,58.7,62.5,2022-04-01,2022-06-30,2021,2021-2022
CT,86,96.1,2022-04-01,2022-06-30,2021,2021-2022
DC,66.7,24.2,2022-04-01,2022-06-30,2021,2021-2022
DE,52.9,75.9,2022-04-01,2022-06-30,2021,2021-2022
FL,48.6,25,2022-04-01,2022-06-30,2021,2021-2022
GA,70,78.4,2022-04-01,2022-06-30,2021,2021-2022
HI,75,88,2022-04-01,2022-06-30,2021,2021-2022
IA,43.8,73.7,2022-04-01,2022-06-30,2021,2021-2022
ID,83.3,93.1,2022-04-01,2022-06-30,2021,2021-2022
IL,89.6,90,2022-04-01,2022-06-30,2021,2021-2022
IN,47.6,62.5,2022-04-01,2022-06-30,2021,2021-2022
KS,63.3,88.9,2022-04-01,2022-06-30,2021,2021-2022
KY,54,73.5,2022-04-01,2022-06-30,2021,2021-2022
LA,80,96.6,2022-04-01,2022-06-30,2021,2021-2022
MA,40.8,58.7,2022-04-01,2022-06-30,2021,2021-2022
MD,17,48.9,2022-04-01,2022-06-30,2021,2021-2022
ME,73.3,76.9,2022-04-01,2022-06-30,2021,2021-2022
MI,75,80.9,2022-04-01,2022-06-30,2021,2021-2022
MN,71.7,86,2022-04-01,2022-06-30,2021,2021-2022
MO,67.4,87,2022-04-01,2022-06-30,2021,2021-2022
MS,83,87.5,2022-04-01,2022-06-30,2021,2021-2022
MT,72.4,81.5,2022-04-01,2022-06-30,2021,2021-2022
NC,94.1,92.2,2022-04-01,2022-06-30,2021,2021-2022
ND,100,100,2022-04-01,2022-06-30,2021,2021-2022
NE,76.7,82.8,2022-04-01,2022-06-30,2021,2021-2022
NH,90.3,79.3,2022-04-01,2022-06-30,2021,2021-2022
NJ,43.5,53.3,2022-04-01,2022-06-30,2021,2021-2022
NM,76.9,89.7,2022-04-01,2022-06-30,2021,2021-2022
NV,65.2,94.7,2022-04-01,2022-06-30,2021,2021-2022
NY,74,81,2022-04-01,2022-06-30,2021,2021-2022
OH,76,69.8,2022-04-01,2022-06-30,2021,2021-2022
OK,94,93.8,2022-04-01,2022-06-30,2021,2021-2022
OR,54.2,77.6,2022-04-01,2022-06-30,2021,2021-2022
PA,29.2,62.8,2022-04-01,2022-06-30,2021,2021-2022
PR,43.3,58.3,2022-04-01,2022-06-30,2021,2021-2022
RI,60,67.9,2022-04-01,2022-06-30,2021,2021-2022
SC,82,89.6,2022-04-01,2022-06-30,2021,2021-2022
SD,93.3,86.7,2022-04-01,2022-06-30,2021,2021-2022
TN,56.3,35.6,2022-04-01,2022-06-30,2021,2021-2022
TX,90,95.9,2022-04-01,2022-06-30,2021,2021-2022
US,66.9,79.6,2022-04-01,2022-06-30,2021,2021-2022
UT,91.8,90,2022-04-01,2022-06-30,2021,2021-2022
VA,41.5,82.9,2022-04-01,2022-06-30,2021,2021-2022
VI,,,2022-04-01,2022-06-30,2021,2021-2022
VT,53.3,53.9,2022-04-01,2022-06-30,2021,2021-2022
WA,60.9,91.1,2022-04-01,2022-06-30,2021,2021-2022
WI,70.8,85.7,2022-04-01,2022-06-30,2021,2021-2022
WV,80,93.6,2022-04-01,2022-06-30,2021,2021-2022
WY,93.3,96.7,2022-04-01,2022-06-30,2021,2021-2022
AK,79.3,89.3,2022-07-01,2022-09-30,2022,2022-2023
AL,26,40,2022-07-01,2022-09-30,2022,2022-2023
AR,96.2,96.7,2022-07-01,2022-09-30,2022,2022-2023
AZ,28,50,2022-07-01,2022-09-30,2022,2022-2023
CA,61.4,83.3,2022-07-01,2022-09-30,2022,2022-2023
CO,66.7,85.4,2022-07-01,2022-09-30,2022,2022-2023
CT,52.1,57.8,2022-07-01,2022-09-30,2022,2022-2023
DC,72.4,33.3,2022-07-01,2022-09-30,2022,2022-2023
DE,16.1,23.1,2022-07-01,2022-09-30,2022,2022-2023
FL,34.1,26.3,2022-07-01,2022-09-30,2022,2022-2023
GA,69.4,68,2022-07-01,2022-09-30,2022,2022-2023
HI,90,77.8,2022-07-01,2022-09-30,2022,2022-2023
IA,41.4,80,2022-07-01,2022-09-30,2022,2022-2023
ID,90,89.7,2022-07-01,2022-09-30,2022,2022-2023
IL,80.9,93.1,2022-07-01,2022-09-30,2022,2022-2023
IN,65.9,88.6,2022-07-01,2022-09-30,2022,2022-2023
KS,73.3,80,2022-07-01,2022-09-30,2022,2022-2023
KY,52,71.4,2022-07-01,2022-09-30,2022,2022-2023
LA,60,80.8,2022-07-01,2022-09-30,2022,2022-2023
MA,56.5,63.8,2022-07-01,2022-09-30,2022,2022-2023
MD,18.8,62.8,2022-07-01,2022-09-30,2022,2022-2023
ME,83.3,57.6,2022-07-01,2022-09-30,2022,2022-2023
MI,83.7,95.7,2022-07-01,2022-09-30,2022,2022-2023
MN,72.3,90,2022-07-01,2022-09-30,2022,2022-2023
MO,74,89.4,2022-07-01,2022-09-30,2022,2022-2023
MS,83,97.8,2022-07-01,2022-09-30,2022,2022-2023
MT,87.1,93.3,2022-07-01,2022-09-30,2022,2022-2023
NC,84,90,2022-07-01,2022-09-30,2022,2022-2023
ND,96.7,96.6,2022-07-01,2022-09-30,2022,2022-2023
NE,73.3,72.4,2022-07-01,2022-09-30,2022,2022-2023
NH,80,80,2022-07-01,2022-09-30,2022,2022-2023
NJ,39.1,60.4,2022-07-01,2022-09-30,2022,2022-2023
NM,44.8,82.1,2022-07-01,2022-09-30,2022,2022-2023
NV,80,95.9,2022-07-01,2022-09-30,2022,2022-2023
NY,86.7,92.5,2022-07-01,2022-09-30,2022,2022-2023
OH,56,70,2022-07-01,2022-09-30,2022,2022-2023
OK,86,97.9,2022-07-01,2022-09-30,2022,2022-2023
OR,67.4,83,2022-07-01,2022-09-30,2022,2022-2023
PA,33.3,60,2022-07-01,2022-09-30,2022,2022-2023
PR,13.3,41.4,2022-07-01,2022-09-30,2022,2022-2023
RI,48.3,67.9,2022-07-01,2022-09-30,2022,2022-2023
SC,77.6,86.3,2022-07-01,2022-09-30,2022,2022-2023
SD,93.3,90,2022-07-01,2022-09-30,2022,2022-2023
TN,62.5,50,2022-07-01,2022-09-30,2022,2022-2023
TX,84,86,2022-07-01,2022-09-30,2022,2022-2023
US,66.2,77.7,2022-07-01,2022-09-30,2022,2022-2023
UT,95.9,98,2022-07-01,2022-09-30,2022,2022-2023
VA,62.5,78.7,2022-07-01,2022-09-30,2022,2022-2023
VI,,,2022-07-01,2022-09-30,2022,2022-2023
VT,53.3,76.7,2022-07-01,2022-09-30,2022,2022-2023
WA,52.3,84.4,2022-07-01,2022-09-30,2022,2022-2023
WI,73.5,71.7,2022-07-01,2022-09-30,2022,2022-2023
WV,76.7,83.3,2022-07-01,2022-09-30,2022,2022-2023
WY,96.7,96.7,2022-07-01,2022-09-30,2022,2022-2023
AK,90,96.2,2022-10-01,2022-12-31,2022,2022-2023
AL,60,72,2022-10-01,2022-12-31,2022,2022-2023
AR,81.8,86.7,2022-10-01,2022-12-31,2022,2022-2023
AZ,28,54.4,2022-10-01,2022-12-31,2022,2022-2023
CA,63.8,71.4,2022-10-01,2022-12-31,2022,2022-2023
CO,85.7,81.6,2022-10-01,2022-12-31,2022,2022-2023
CT,75.5,62,2022-10-01,2022-12-31,2022,2022-2023
DC,71.4,31.3,2022-10-01,2022-12-31,2022,2022-2023
DE,12,7.1,2022-10-01,2022-12-31,2022,2022-2023
FL,26.8,53.7,2022-10-01,2022-12-31,2022,2022-2023
GA,73.5,83.7,2022-10-01,2022-12-31,2022,2022-2023
HI,93.3,92.9,2022-10-01,2022-12-31,2022,2022-2023
IA,41.4,66.7,2022-10-01,2022-12-31,2022,2022-2023
ID,80,86.7,2022-10-01,2022-12-31,2022,2022-2023
IL,76,93.2,2022-10-01,2022-12-31,2022,2022-2023
IN,80,91.3,2022-10-01,2022-12-31,2022,2022-2023
KS,80,92.9,2022-10-01,2022-12-31,2022,2022-2023
KY,46.9,60,2022-10-01,2022-12-31,2022,2022-2023
LA,75.9,89.7,2022-10-01,2022-12-31,2022,2022-2023
MA,54.4,77.6,2022-10-01,2022-12-31,2022,2022-2023
MD,14,74.4,2022-10-01,2022-12-31,2022,2022-2023
ME,76.7,44,2022-10-01,2022-12-31,2022,2022-2023
MI,68.9,91.5,2022-10-01,2022-12-31,2022,2022-2023
MN,87.2,93.9,2022-10-01,2022-12-31,2022,2022-2023
MO,71.4,90,2022-10-01,2022-12-31,2022,2022-2023
MS,93.5,97.9,2022-10-01,2022-12-31,2022,2022-2023
MT,70.4,89.7,2022-10-01,2022-12-31,2022,2022-2023
NC,88,100,2022-10-01,2022-12-31,2022,2022-2023
ND,96.7,100,2022-10-01,2022-12-31,2022,2022-2023
NE,73.3,79.3,2022-10-01,2022-12-31,2022,2022-2023
NH,83.3,75,2022-10-01,2022-12-31,2022,2022-2023
NJ,40.4,68.3,2022-10-01,2022-12-31,2022,2022-2023
NM,53.3,78.6,2022-10-01,2022-12-31,2022,2022-2023
NV,93.9,97.9,2022-10-01,2022-12-31,2022,2022-2023
NY,83.3,77.8,2022-10-01,2022-12-31,2022,2022-2023
OH,47.9,65.1,2022-10-01,2022-12-31,2022,2022-2023
OK,85.7,96,2022-10-01,2022-12-31,2022,2022-2023
OR,66,84.8,2022-10-01,2022-12-31,2022,2022-2023
PA,21.3,55.6,2022-10-01,2022-12-31,2022,2022-2023
PR,20,66.7,2022-10-01,2022-12-31,2022,2022-2023
RI,50,62.1,2022-10-01,2022-12-31,2022,2022-2023
SC,84.3,78,2022-10-01,2022-12-31,2022,2022-2023
SD,100,90,2022-10-01,2022-12-31,2022,2022-2023
TN,79.6,53.1,2022-10-01,2022-12-31,2022,2022-2023
TX,98,96,2022-10-01,2022-12-31,2022,2022-2023
US,68.2,81.5,2022-10-01,2022-12-31,2022,2022-2023
UT,98,98,2022-10-01,2022-12-31,2022,2022-2023
VA,40.9,63.4,2022-10-01,2022-12-31,2022,2022-2023
VI,,,2022-10-01,2022-12-31,2022,2022-2023
VT,63.3,53.3,2022-10-01,2022-12-31,2022,2022-2023
WA,55.1,95.2,2022-10-01,2022-12-31,2022,2022-2023
WI,72,85.4,2022-10-01,2022-12-31,2022,2022-2023
WV,76.7,83.3,2022-10-01,2022-12-31,2022,2022-2023
WY,86.7,93.3,2022-10-01,2022-12-31,2022,2022-2023
AK,90,100,2023-01-01,2023-03-31,2022,2022-2023
AL,60,76.7,2023-01-01,2023-03-31,2022,2022-2023
AR,89.7,96.4,2023-01-01,2023-03-31,2022,2022-2023
AZ,24,40.9,2023-01-01,2023-03-31,2022,2022-2023
CA,63.3,86.8,2023-01-01,2023-03-31,2022,2022-2023
CO,44,69.6,2023-01-01,2023-03-31,2022,2022-2023
CT,63.3,75,2023-01-01,2023-03-31,2022,2022-2023
DC,82.1,87.8,2023-01-01,2023-03-31,2022,2022-2023
DE,6.3,43.8,2023-01-01,2023-03-31,2022,2022-2023
FL,27.1,62.5,2023-01-01,2023-03-31,2022,2022-2023
GA,54,75.5,2023-01-01,2023-03-31,2022,2022-2023
HI,93.1,93.3,2023-01-01,2023-03-31,2022,2022-2023
IA,48.4,90,2023-01-01,2023-03-31,2022,2022-2023
ID,86.7,96.6,2023-01-01,2023-03-31,2022,2022-2023
IL,83.7,97.7,2023-01-01,2023-03-31,2022,2022-2023
IN,67.4,93.9,2023-01-01,2023-03-31,2022,2022-2023
KS,70,96.4,2023-01-01,2023-03-31,2022,2022-2023
KY,38,54.6,2023-01-01,2023-03-31,2022,2022-2023
LA,66.7,100,2023-01-01,2023-03-31,2022,2022-2023
MA,66.7,86.7,2023-01-01,2023-03-31,2022,2022-2023
MD,19.5,63.3,2023-01-01,2023-03-31,2022,2022-2023
ME,80,50,2023-01-01,2023-03-31,2022,2022-2023
MI,78.7,77.8,2023-01-01,2023-03-31,2022,2022-2023
MN,85.4,85.7,2023-01-01,2023-03-31,2022,2022-2023
MO,68,98,2023-01-01,2023-03-31,2022,2022-2023
MS,79.3,100,2023-01-01,2023-03-31,2022,2022-2023
MT,76.7,76.7,2023-01-01,2023-03-31,2022,2022-2023
NC,80,87.8,2023-01-01,2023-03-31,2022,2022-2023
ND,93.3,96.7,2023-01-01,2023-03-31,2022,2022-2023
NE,86.7,89.7,2023-01-01,2023-03-31,2022,2022-2023
NH,87.1,86.7,2023-01-01,2023-03-31,2022,2022-2023
NJ,68.8,76.2,2023-01-01,2023-03-31,2022,2022-2023
NM,44.8,85.7,2023-01-01,2023-03-31,2022,2022-2023
NV,81.6,87.5,2023-01-01,2023-03-31,2022,2022-2023
NY,71.7,85.4,2023-01-01,2023-03-31,2022,2022-2023
OH,62,76.1,2023-01-01,2023-03-31,2022,2022-2023
OK,80,96.7,2023-01-01,2023-03-31,2022,2022-2023
OR,54,86.7,2023-01-01,2023-03-31,2022,2022-2023
PA,18.8,52.2,2023-01-01,2023-03-31,2022,2022-2023
PR,26.7,65.4,2023-01-01,2023-03-31,2022,2022-2023
RI,40,56.7,2023-01-01,2023-03-31,2022,2022-2023
SC,93.3,87.1,2023-01-01,2023-03-31,2022,2022-2023
SD,90,78.6,2023-01-01,2023-03-31,2022,2022-2023
TN,79.3,46.7,2023-01-01,2023-03-31,2022,2022-2023
TX,78,98,2023-01-01,2023-03-31,2022,2022-2023
US,64.6,81.7,2023-01-01,2023-03-31,2022,2022-2023
UT,100,97.9,2023-01-01,2023-03-31,2022,2022-2023
VA,60,75,2023-01-01,2023-03-31,2022,2022-2023
VI,,,2023-01-01,2023-03-31,2022,2022-2023
VT,69,53.6,2023-01-01,2023-03-31,2022,2022-2023
WA,59.2,75,2023-01-01,2023-03-31,2022,2022-2023
WI,72,80,2023-01-01,2023-03-31,2022,2022-2023
WV,76.7,96.7,2023-01-01,2023-03-31,2022,2022-2023
WY,90,93.3,2023-01-01,2023-03-31,2022,2022-2023
AK,76.7,100,2023-04-01,2023-06-30,2022,2022-2023
AL,73.3,70,2023-04-01,2023-06-30,2022,2022-2023
AR,86.7,86.7,2023-04-01,2023-06-30,2022,2022-2023
AZ,24.5,50,2023-04-01,2023-06-30,2022,2022-2023
CA,61.7,80.7,2023-04-01,2023-06-30,2022,2022-2023
CO,67.4,87.9,2023-04-01,2023-06-30,2022,2022-2023
CT,77.6,83.3,2023-04-01,2023-06-30,2022,2022-2023
DC,90,83.3,2023-04-01,2023-06-30,2022,2022-2023
DE,34.6,18.8,2023-04-01,2023-06-30,2022,2022-2023
FL,42.9,42.9,2023-04-01,2023-06-30,2022,2022-2023
GA,78,72,2023-04-01,2023-06-30,2022,2022-2023
HI,84.6,84,2023-04-01,2023-06-30,2022,2022-2023
IA,46.4,64.3,2023-04-01,2023-06-30,2022,2022-2023
ID,83.3,100,2023-04-01,2023-06-30,2022,2022-2023
IL,90,97.6,2023-04-01,2023-06-30,2022,2022-2023
IN,41.7,85.1,2023-04-01,2023-06-30,2022,2022-2023
KS,66.7,93.8,2023-04-01,2023-06-30,2022,2022-2023
KY,46,68.3,2023-04-01,2023-06-30,2022,2022-2023
LA,80,89.7,2023-04-01,2023-06-30,2022,2022-2023
MA,52.2,69.4,2023-04-01,2023-06-30,2022,2022-2023
MD,36.2,70,2023-04-01,2023-06-30,2022,2022-2023
ME,70,75,2023-04-01,2023-06-30,2022,2022-2023
MI,76.6,93.3,2023-04-01,2023-06-30,2022,2022-2023
MN,84,85.7,2023-04-01,2023-06-30,2022,2022-2023
MO,61.2,85.7,2023-04-01,2023-06-30,2022,2022-2023
MS,70,93.3,2023-04-01,2023-06-30,2022,2022-2023
MT,73.3,66.7,2023-04-01,2023-06-30,2022,2022-2023
NC,82,95.9,2023-04-01,2023-06-30,2022,2022-2023
ND,96.7,100,2023-04-01,2023-06-30,2022,2022-2023
NE,70,93.1,2023-04-01,2023-06-30,2022,2022-2023
NH,89.7,82.8,2023-04-01,2023-06-30,2022,2022-2023
NJ,54,81.8,2023-04-01,2023-06-30,2022,2022-2023
NM,67.9,88,2023-04-01,2023-06-30,2022,2022-2023
NV,98,96,2023-04-01,2023-06-30,2022,2022-2023
NY,89.6,72.5,2023-04-01,2023-06-30,2022,2022-2023
OH,57.1,67.4,2023-04-01,2023-06-30,2022,2022-2023
OK,100,100,2023-04-01,2023-06-30,2022,2022-2023
OR,56,86.4,2023-04-01,2023-06-30,2022,2022-2023
PA,24.5,66,2023-04-01,2023-06-30,2022,2022-2023
PR,26.7,48.3,2023-04-01,2023-06-30,2022,2022-2023
RI,60,69,2023-04-01,2023-06-30,2022,2022-2023
SC,80,93.6,2023-04-01,2023-06-30,2022,2022-2023
SD,93.3,90,2023-04-01,2023-06-30,2022,2022-2023
TN,70,57.1,2023-04-01,2023-06-30,2022,2022-2023
TX,82,93.9,2023-04-01,2023-06-30,2022,2022-2023
US,66,82.1,2023-04-01,2023-06-30,2022,2022-2023
UT,89.8,90,2023-04-01,2023-06-30,2022,2022-2023
VA,65.3,65,2023-04-01,2023-06-30,2022,2022-2023
VI,,,2023-04-01,2023-06-30,2022,2022-2023
VT,66.7,61.5,2023-04-01,2023-06-30,2022,2022-2023
WA,51,93,2023-04-01,2023-06-30,2022,2022-2023
WI,64,71.7,2023-04-01,2023-06-30,2022,2022-2023
WV,86.7,93.3,2023-04-01,2023-06-30,2022,2022-2023
WY,86.7,89.7,2023-04-01,2023-06-30,2022,2022-2023
AK,80,100,2023-07-01,2023-09-30,2023,2023-2024
AL,60,83.3,2023-07-01,2023-09-30,2023,2023-2024
AR,82.8,78.8,2023-07-01,2023-09-30,2023,2023-2024
AZ,30.6,45.7,2023-07-01,2023-09-30,2023,2023-2024
CA,65.9,85.7,2023-07-01,2023-09-30,2023,2023-2024
CO,60.4,84.8,2023-07-01,2023-09-30,2023,2023-2024
CT,70,87.5,2023-07-01,2023-09-30,2023,2023-2024
DC,69,36.4,2023-07-01,2023-09-30,2023,2023-2024
DE,32.4,35.7,2023-07-01,2023-09-30,2023,2023-2024
FL,41.3,46.8,2023-07-01,2023-09-30,2023,2023-2024
GA,69.4,70.8,2023-07-01,2023-09-30,2023,2023-2024
HI,75.9,100,2023-07-01,2023-09-30,2023,2023-2024
IA,50,75,2023-07-01,2023-09-30,2023,2023-2024
ID,90,96.6,2023-07-01,2023-09-30,2023,2023-2024
IL,90,95.9,2023-07-01,2023-09-30,2023,2023-2024
IN,67.4,82.2,2023-07-01,2023-09-30,2023,2023-2024
KS,70,93.3,2023-07-01,2023-09-30,2023,2023-2024
KY,54,58.7,2023-07-01,2023-09-30,2023,2023-2024
LA,76.7,90,2023-07-01,2023-09-30,2023,2023-2024
MA,56.3,72.9,2023-07-01,2023-09-30,2023,2023-2024
MD,40,67.4,2023-07-01,2023-09-30,2023,2023-2024
ME,60,51.6,2023-07-01,2023-09-30,2023,2023-2024
MI,96,100,2023-07-01,2023-09-30,2023,2023-2024
MN,81.6,93.3,2023-07-01,2023-09-30,2023,2023-2024
MO,74,92,2023-07-01,2023-09-30,2023,2023-2024
MS,93.1,93.1,2023-07-01,2023-09-30,2023,2023-2024
MT,83.3,87.1,2023-07-01,2023-09-30,2023,2023-2024
NC,88,87,2023-07-01,2023-09-30,2023,2023-2024
ND,100,96.7,2023-07-01,2023-09-30,2023,2023-2024
NE,70,89.3,2023-07-01,2023-09-30,2023,2023-2024
NH,93.6,73.3,2023-07-01,2023-09-30,2023,2023-2024
NJ,57.1,79.6,2023-07-01,2023-09-30,2023,2023-2024
NM,63.3,86.7,2023-07-01,2023-09-30,2023,2023-2024
NV,94,93.5,2023-07-01,2023-09-30,2023,2023-2024
NY,79.2,76.2,2023-07-01,2023-09-30,2023,2023-2024
OH,50,79.5,2023-07-01,2023-09-30,2023,2023-2024
OK,96.7,100,2023-07-01,2023-09-30,2023,2023-2024
OR,71.4,88.9,2023-07-01,2023-09-30,2023,2023-2024
PA,14,66.7,2023-07-01,2023-09-30,2023,2023-2024
PR,31,48.3,2023-07-01,2023-09-30,2023,2023-2024
RI,62.1,80,2023-07-01,2023-09-30,2023,2023-2024
SC,93.3,87.1,2023-07-01,2023-09-30,2023,2023-2024
SD,93.3,90,2023-07-01,2023-09-30,2023,2023-2024
TN,70,43.3,2023-07-01,2023-09-30,2023,2023-2024
TX,88,96,2023-07-01,2023-09-30,2023,2023-2024
US,68.5,84.6,2023-07-01,2023-09-30,2023,2023-2024
UT,88,93.9,2023-07-01,2023-09-30,2023,2023-2024
VA,51,57.1,2023-07-01,2023-09-30,2023,2023-2024
VI,,,2023-07-01,2023-09-30,2023,2023-2024
VT,62.1,80,2023-07-01,2023-09-30,2023,2023-2024
WA,53.1,91.3,2023-07-01,2023-09-30,2023,2023-2024
WI,75,87.5,2023-07-01,2023-09-30,2023,2023-2024
WV,70,100,2023-07-01,2023-09-30,2023,2023-2024
WY,86.7,96.7,2023-07-01,2023-09-30,2023,2023-2024
AK,90,89.3,2023-10-01,2023-12-31,2023,2023-2024
AL,53.3,60,2023-10-01,2023-12-31,2023,2023-2024
AR,80,96.6,2023-10-01,2023-12-31,2023,2023-2024
AZ,45.8,54.6,2023-10-01,2023-12-31,2023,2023-2024
CA,65.2,91.4,2023-10-01,2023-12-31,2023,2023-2024
CO,52,78.7,2023-10-01,2023-12-31,2023,2023-2024
CT,66,77.1,2023-10-01,2023-12-31,2023,2023-2024
DC,90,63.3,2023-10-01,2023-12-31,2023,2023-2024
DE,13.3,25,2023-10-01,2023-12-31,2023,2023-2024
FL,43.5,77.3,2023-10-01,2023-12-31,2023,2023-2024
GA,75,77.8,2023-10-01,2023-12-31,2023,2023-2024
HI,86.2,89.3,2023-10-01,2023-12-31,2023,2023-2024
IA,50,58.6,2023-10-01,2023-12-31,2023,2023-2024
ID,86.7,100,2023-10-01,2023-12-31,2023,2023-2024
IL,98,100,2023-10-01,2023-12-31,2023,2023-2024
IN,70.2,90,2023-10-01,2023-12-31,2023,2023-2024
KS,76.7,100,2023-10-01,2023-12-31,2023,2023-2024
KY,44.9,52.2,2023-10-01,2023-12-31,2023,2023-2024
LA,69.4,87.8,2023-10-01,2023-12-31,2023,2023-2024
MA,71.4,72.9,2023-10-01,2023-12-31,2023,2023-2024
MD,48.8,57.8,2023-10-01,2023-12-31,2023,2023-2024
ME,96.7,58.1,2023-10-01,2023-12-31,2023,2023-2024
MI,98,100,2023-10-01,2023-12-31,2023,2023-2024
MN,82.6,91.8,2023-10-01,2023-12-31,2023,2023-2024
MO,92,97.9,2023-10-01,2023-12-31,2023,2023-2024
MS,90,96.4,2023-10-01,2023-12-31,2023,2023-2024
MT,75.9,82.1,2023-10-01,2023-12-31,2023,2023-2024
NC,77.6,86.1,2023-10-01,2023-12-31,2023,2023-2024
ND,100,100,2023-10-01,2023-12-31,2023,2023-2024
NE,73.3,96.6,2023-10-01,2023-12-31,2023,2023-2024
NH,86.7,72.4,2023-10-01,2023-12-31,2023,2023-2024
NJ,68.9,72.7,2023-10-01,2023-12-31,2023,2023-2024
NM,19.2,82.1,2023-10-01,2023-12-31,2023,2023-2024
NV,94,98,2023-10-01,2023-12-31,2023,2023-2024
NY,69.6,81.1,2023-10-01,2023-12-31,2023,2023-2024
OH,52,60.9,2023-10-01,2023-12-31,2023,2023-2024
OK,93.3,96.7,2023-10-01,2023-12-31,2023,2023-2024
OR,66,88,2023-10-01,2023-12-31,2023,2023-2024
PA,16.3,68.8,2023-10-01,2023-12-31,2023,2023-2024
PR,26.7,48.3,2023-10-01,2023-12-31,2023,2023-2024
RI,43.3,69,2023-10-01,2023-12-31,2023,2023-2024
SC,90,96.7,2023-10-01,2023-12-31,2023,2023-2024
SD,93.3,73.3,2023-10-01,2023-12-31,2023,2023-2024
TN,48.3,60.7,2023-10-01,2023-12-31,2023,2023-2024
TX,66,81.6,2023-10-01,2023-12-31,2023,2023-2024
US,66.5,83.7,2023-10-01,2023-12-31,2023,2023-2024
UT,94,98,2023-10-01,2023-12-31,2023,2023-2024
VA,61.2,65.1,2023-10-01,2023-12-31,2023,2023-2024
VI,,,2023-10-01,2023-12-31,2023,2023-2024
VT,66.7,55.2,2023-10-01,2023-12-31,2023,2023-2024
WA,40.4,81.8,2023-10-01,2023-12-31,2023,2023-2024
WI,67.4,93.2,2023-10-01,2023-12-31,2023,2023-2024
WV,83.3,90,2023-10-01,2023-12-31,2023,2023-2024
WY,76.7,100,2023-10-01,2023-12-31,2023,2023-2024
AK,93.3,89.7,2024-01-01,2024-03-31,2023,2023-2024
AL,70,44,2024-01-01,2024-03-31,2023,2023-2024
AR,83.3,85.7,2024-01-01,2024-03-31,2023,2023-2024
AZ,66.7,61.7,2024-01-01,2024-03-31,2023,2023-2024
CA,56.5,82.9,2024-01-01,2024-03-31,2023,2023-2024
CO,69.4,91.7,2024-01-01,2024-03-31,2023,2023-2024
CT,77.6,76.1,2024-01-01,2024-03-31,2023,2023-2024
DC,62.1,25.8,2024-01-01,2024-03-31,2023,2023-2024
DE,0,29.2,2024-01-01,2024-03-31,2023,2023-2024
FL,40.8,69.6,2024-01-01,2024-03-31,2023,2023-2024
GA,70.6,69.2,2024-01-01,2024-03-31,2023,2023-2024
HI,86.7,84.6,2024-01-01,2024-03-31,2023,2023-2024
IA,66.7,56.3,2024-01-01,2024-03-31,2023,2023-2024
ID,73.3,100,2024-01-01,2024-03-31,2023,2023-2024
IL,100,97.8,2024-01-01,2024-03-31,2023,2023-2024
IN,75.5,84,2024-01-01,2024-03-31,2023,2023-2024
KS,60,76.7,2024-01-01,2024-03-31,2023,2023-2024
KY,67.9,46.2,2024-01-01,2024-03-31,2023,2023-2024
LA,86.7,92.9,2024-01-01,2024-03-31,2023,2023-2024
MA,58.3,79.2,2024-01-01,2024-03-31,2023,2023-2024
MD,58.6,30.8,2024-01-01,2024-03-31,2023,2023-2024
ME,66.7,75,2024-01-01,2024-03-31,2023,2023-2024
MI,98,100,2024-01-01,2024-03-31,2023,2023-2024
MN,84.8,89.6,2024-01-01,2024-03-31,2023,2023-2024
MO,80,93.6,2024-01-01,2024-03-31,2023,2023-2024
MS,66.7,96.4,2024-01-01,2024-03-31,2023,2023-2024
MT,66.7,73.9,2024-01-01,2024-03-31,2023,2023-2024
NC,75,87,2024-01-01,2024-03-31,2023,2023-2024
ND,96.7,96.7,2024-01-01,2024-03-31,2023,2023-2024
NE,70,89.7,2024-01-01,2024-03-31,2023,2023-2024
NH,96.7,74.1,2024-01-01,2024-03-31,2023,2023-2024
NJ,61.7,59,2024-01-01,2024-03-31,2023,2023-2024
NM,23.3,90,2024-01-01,2024-03-31,2023,2023-2024
NV,92,100,2024-01-01,2024-03-31,2023,2023-2024
NY,56.3,65.9,2024-01-01,2024-03-31,2023,2023-2024
OH,52,61.2,2024-01-01,2024-03-31,2023,2023-2024
OK,90,100,2024-01-01,2024-03-31,2023,2023-2024
OR,63,75,2024-01-01,2024-03-31,2023,2023-2024
PA,27.1,64.6,2024-01-01,2024-03-31,2023,2023-2024
PR,27.6,79.3,2024-01-01,2024-03-31,2023,2023-2024
RI,56.7,75.9,2024-01-01,2024-03-31,2023,2023-2024
SC,93.3,89.7,2024-01-01,2024-03-31,2023,2023-2024
SD,96.7,79.3,2024-01-01,2024-03-31,2023,2023-2024
TN,73.3,42.3,2024-01-01,2024-03-31,2023,2023-2024
TX,75.5,85.7,2024-01-01,2024-03-31,2023,2023-2024
US,65.9,75.7,2024-01-01,2024-03-31,2023,2023-2024
UT,98,95.9,2024-01-01,2024-03-31,2023,2023-2024
VA,56.7,61.5,2024-01-01,2024-03-31,2023,2023-2024
VI,,,2024-01-01,2024-03-31,2023,2023-2024
VT,48.3,44.8,2024-01-01,2024-03-31,2023,2023-2024
WA,27.1,78.7,2024-01-01,2024-03-31,2023,2023-2024
WI,67.4,80.9,2024-01-01,2024-03-31,2023,2023-2024
WV,83.3,93.3,2024-01-01,2024-03-31,2023,2023-2024
WY,86.7,96.7,2024-01-01,2024-03-31,2023,2023-2024
AK,96.7,100,2024-04-01,2024-06-30,2023,2023-2024
AL,50,52,2024-04-01,2024-06-30,2023,2023-2024
AR,80,87.1,2024-04-01,2024-06-30,2023,2023-2024
AZ,63.8,51.1,2024-04-01,2024-06-30,2023,2023-2024
CA,75,94.6,2024-04-01,2024-06-30,2023,2023-2024
CO,64.6,64.4,2024-04-01,2024-06-30,2023,2023-2024
CT,66,83,2024-04-01,2024-06-30,2023,2023-2024
DC,76.7,86.2,2024-04-01,2024-06-30,2023,2023-2024
DE,3.5,54.3,2024-04-01,2024-06-30,2023,2023-2024
FL,43.8,47.7,2024-04-01,2024-06-30,2023,2023-2024
GA,69.4,76.5,2024-04-01,2024-06-30,2023,2023-2024
HI,75.9,88,2024-04-01,2024-06-30,2023,2023-2024
IA,36.7,55.6,2024-04-01,2024-06-30,2023,2023-2024
ID,80,86.7,2024-04-01,2024-06-30,2023,2023-2024
IL,93.9,100,2024-04-01,2024-06-30,2023,2023-2024
IN,74,94,2024-04-01,2024-06-30,2023,2023-2024
KS,73.3,76.7,2024-04-01,2024-06-30,2023,2023-2024
KY,66.7,46.7,2024-04-01,2024-06-30,2023,2023-2024
LA,83.3,100,2024-04-01,2024-06-30,2023,2023-2024
MA,60.4,78.3,2024-04-01,2024-06-30,2023,2023-2024
MD,64,21.4,2024-04-01,2024-06-30,2023,2023-2024
ME,83.3,79.3,2024-04-01,2024-06-30,2023,2023-2024
MI,96,98,2024-04-01,2024-06-30,2023,2023-2024
MN,88,85.7,2024-04-01,2024-06-30,2023,2023-2024
MO,86,92,2024-04-01,2024-06-30,2023,2023-2024
MS,89.7,92.9,2024-04-01,2024-06-30,2023,2023-2024
MT,82.8,92.9,2024-04-01,2024-06-30,2023,2023-2024
NC,82,65,2024-04-01,2024-06-30,2023,2023-2024
ND,100,100,2024-04-01,2024-06-30,2023,2023-2024
NE,86.7,82.8,2024-04-01,2024-06-30,2023,2023-2024
NH,96.8,77.4,2024-04-01,2024-06-30,2023,2023-2024
NJ,65.3,76.1,2024-04-01,2024-06-30,2023,2023-2024
NM,,,2024-04-01,2024-06-30,2023,2023-2024
NV,89.6,92,2024-04-01,2024-06-30,2023,2023-2024
NY,,,2024-04-01,2024-06-30,2023,2023-2024
OH,70,66.7,2024-04-01,2024-06-30,2023,2023-2024
OK,100,100,2024-04-01,2024-06-30,2023,2023-2024
OR,33.3,50,2024-04-01,2024-06-30,2023,2023-2024
PA,38,81.3,2024-04-01,2024-06-30,2023,2023-2024
PR,26.7,65.5,2024-04-01,2024-06-30,2023,2023-2024
RI,57.1,80,2024-04-01,2024-06-30,2023,2023-2024
SC,83.3,93.1,2024-04-01,2024-06-30,2023,2023-2024
SD,90,93.1,2024-04-01,2024-06-30,2023,2023-2024
TN,69,75.9,2024-04-01,2024-06-30,2023,2023-2024
TX,76,84,2024-04-01,2024-06-30,2023,2023-2024
US,70.4,80.3,2024-04-01,2024-06-30,2023,2023-2024
UT,96,95.5,2024-04-01,2024-06-30,2023,2023-2024
VA,43.3,51.7,2024-04-01,2024-06-30,2023,2023-2024
VI,,,2024-04-01,2024-06-30,2023,2023-2024
VT,46.7,48.3,2024-04-01,2024-06-30,2023,2023-2024
WA,30.6,83.3,2024-04-01,2024-06-30,2023,2023-2024
WI,76,89.1,2024-04-01,2024-06-30,2023,2023-2024
WV,90,100,2024-04-01,2024-06-30,2023,2023-2024
WY,90,93.3,2024-04-01,2024-06-30,2023,2023-2024
AK,80,100,2024-07-01,2024-09-30,2024,2024-2025
AL,74,94,2024-07-01,2024-09-30,2024,2024-2025
AR,76.7,93.6,2024-07-01,2024-09-30,2024,2024-2025
AZ,58,57.1,2024-07-01,2024-09-30,2024,2024-2025
CA,79.6,85.7,2024-07-01,2024-09-30,2024,2024-2025
CO,52,63.6,2024-07-01,2024-09-30,2024,2024-2025
CT,69.4,75,2024-07-01,2024-09-30,2024,2024-2025
DC,80,89.3,2024-07-01,2024-09-30,2024,2024-2025
DE,10.7,11.1,2024-07-01,2024-09-30,2024,2024-2025
FL,33.3,59.1,2024-07-01,2024-09-30,2024,2024-2025
GA,66,58.8,2024-07-01,2024-09-30,2024,2024-2025
HI,80,86.7,2024-07-01,2024-09-30,2024,2024-2025
IA,33.3,53.1,2024-07-01,2024-09-30,2024,2024-2025
ID,86.7,100,2024-07-01,2024-09-30,2024,2024-2025
IL,88,91.8,2024-07-01,2024-09-30,2024,2024-2025
IN,67.4,93.9,2024-07-01,2024-09-30,2024,2024-2025
KS,76.7,76.7,2024-07-01,2024-09-30,2024,2024-2025
KY,48.3,60.7,2024-07-01,2024-09-30,2024,2024-2025
LA,83.3,100,2024-07-01,2024-09-30,2024,2024-2025
MA,52.1,85.7,2024-07-01,2024-09-30,2024,2024-2025
MD,29.6,41.4,2024-07-01,2024-09-30,2024,2024-2025
ME,71.4,86.7,2024-07-01,2024-09-30,2024,2024-2025
MI,98,100,2024-07-01,2024-09-30,2024,2024-2025
MN,81.6,86,2024-07-01,2024-09-30,2024,2024-2025
MO,76,96,2024-07-01,2024-09-30,2024,2024-2025
MS,57.1,100,2024-07-01,2024-09-30,2024,2024-2025
MT,86.2,77.8,2024-07-01,2024-09-30,2024,2024-2025
NC,78,75,2024-07-01,2024-09-30,2024,2024-2025
ND,93.1,100,2024-07-01,2024-09-30,2024,2024-2025
NE,76.7,93.1,2024-07-01,2024-09-30,2024,2024-2025
NH,80.7,64.5,2024-07-01,2024-09-30,2024,2024-2025
NJ,72.3,67.4,2024-07-01,2024-09-30,2024,2024-2025
NM,85.7,85.2,2024-07-01,2024-09-30,2024,2024-2025
NV,90,91.7,2024-07-01,2024-09-30,2024,2024-2025
NY,76.1,66.7,2024-07-01,2024-09-30,2024,2024-2025
OH,58,65.9,2024-07-01,2024-09-30,2024,2024-2025
OK,90,100,2024-07-01,2024-09-30,2024,2024-2025
OR,52.1,66.7,2024-07-01,2024-09-30,2024,2024-2025
PA,46,81.3,2024-07-01,2024-09-30,2024,2024-2025
PR,16.7,20.7,2024-07-01,2024-09-30,2024,2024-2025
RI,48.3,73.3,2024-07-01,2024-09-30,2024,2024-2025
SC,82.8,84.4,2024-07-01,2024-09-30,2024,2024-2025
SD,96.7,86.7,2024-07-01,2024-09-30,2024,2024-2025
TN,82.1,85.7,2024-07-01,2024-09-30,2024,2024-2025
TX,83.7,83.3,2024-07-01,2024-09-30,2024,2024-2025
US,71.1,80.6,2024-07-01,2024-09-30,2024,2024-2025
UT,96,91.7,2024-07-01,2024-09-30,2024,2024-2025
VA,51.7,69,2024-07-01,2024-09-30,2024,2024-2025
VI,,,2024-07-01,2024-09-30,2024,2024-2025
VT,46.7,14.3,2024-07-01,2024-09-30,2024,2024-2025
WA,27.7,75,2024-07-01,2024-09-30,2024,2024-2025
WI,76,85.1,2024-07-01,2024-09-30,2024,2024-2025
WV,100,100,2024-07-01,2024-09-30,2024,2024-2025
WY,90,96.7,2024-07-01,2024-09-30,2024,2024-2025
AK,80,94.7,2024-10-01,2024-12-31,2024,2024-2025
AL,62,92,2024-10-01,2024-12-31,2024,2024-2025
AR,80,88.5,2024-10-01,2024-12-31,2024,2024-2025
AZ,58.3,65,2024-10-01,2024-12-31,2024,2024-2025
CA,83,85.4,2024-10-01,2024-12-31,2024,2024-2025
CO,61.7,91.3,2024-10-01,2024-12-31,2024,2024-2025
CT,68.1,87.5,2024-10-01,2024-12-31,2024,2024-2025
DC,54.8,50,2024-10-01,2024-12-31,2024,2024-2025
DE,3.5,18.5,2024-10-01,2024-12-31,2024,2024-2025
FL,29.2,66.7,2024-10-01,2024-12-31,2024,2024-2025
GA,44,76,2024-10-01,2024-12-31,2024,2024-2025
HI,76.7,76.9,2024-10-01,2024-12-31,2024,2024-2025
IA,53.3,74.2,2024-10-01,2024-12-31,2024,2024-2025
ID,93.3,83.3,2024-10-01,2024-12-31,2024,2024-2025
IL,93.9,95.9,2024-10-01,2024-12-31,2024,2024-2025
IN,74.5,89.4,2024-10-01,2024-12-31,2024,2024-2025
KS,60,95,2024-10-01,2024-12-31,2024,2024-2025
KY,60,81.5,2024-10-01,2024-12-31,2024,2024-2025
LA,80,93.3,2024-10-01,2024-12-31,2024,2024-2025
MA,47.9,79.6,2024-10-01,2024-12-31,2024,2024-2025
MD,42.3,37.5,2024-10-01,2024-12-31,2024,2024-2025
ME,75.9,77.4,2024-10-01,2024-12-31,2024,2024-2025
MI,98,100,2024-10-01,2024-12-31,2024,2024-2025
MN,83.3,91.5,2024-10-01,2024-12-31,2024,2024-2025
MS,66.7,86.7,2024-10-01,2024-12-31,2024,2024-2025
MT,86.7,81.8,2024-10-01,2024-12-31,2024,2024-2025
NC,72,87.5,2024-10-01,2024-12-31,2024,2024-2025
ND,93.3,96.7,2024-10-01,2024-12-31,2024,2024-2025
NE,80,96.3,2024-10-01,2024-12-31,2024,2024-2025
NH,93.6,76.7,2024-10-01,2024-12-31,2024,2024-2025
NJ,62.5,77.8,2024-10-01,2024-12-31,2024,2024-2025
NM,79.3,69,2024-10-01,2024-12-31,2024,2024-2025
NV,89.8,91.8,2024-10-01,2024-12-31,2024,2024-2025
NY,54.2,88.9,2024-10-01,2024-12-31,2024,2024-2025
OH,65.3,67.4,2024-10-01,2024-12-31,2024,2024-2025
OK,96.7,100,2024-10-01,2024-12-31,2024,2024-2025
OR,58.3,94.4,2024-10-01,2024-12-31,2024,2024-2025
PA,29.2,60.4,2024-10-01,2024-12-31,2024,2024-2025
PR,26.7,39.3,2024-10-01,2024-12-31,2024,2024-2025
RI,56.7,90,2024-10-01,2024-12-31,2024,2024-2025
SC,90,77.8,2024-10-01,2024-12-31,2024,2024-2025
SD,86.7,90,2024-10-01,2024-12-31,2024,2024-2025
TN,80,93.1,2024-10-01,2024-12-31,2024,2024-2025
TX,75.5,86,2024-10-01,2024-12-31,2024,2024-2025
US,68.6,84.7,2024-10-01,2024-12-31,2024,2024-2025
UT,92,97.8,2024-10-01,2024-12-31,2024,2024-2025
VA,61.3,82.8,2024-10-01,2024-12-31,2024,2024-2025
VI,,,2024-10-01,2024-12-31,2024,2024-2025
VT,46.7,29.6,2024-10-01,2024-12-31,2024,2024-2025
WA,33.3,77.5,2024-10-01,2024-12-31,2024,2024-2025
WI,67.4,82.2,2024-10-01,2024-12-31,2024,2024-2025
WV,86.7,100,2024-10-01,2024-12-31,2024,2024-2025
WY,76.7,93.3,2024-10-01,2024-12-31,2024,2024-2025
